Date,Close,prediction
2020-01-03,71.914794921875,72.62083435058594
2020-01-04,72.10580952962239,71.914794921875
2020-01-05,72.2968241373698,72.10580952962239
2020-01-06,72.48783874511719,72.2968241373698
2020-01-07,72.14693450927734,72.48783874511719
2020-01-08,73.3074951171875,72.14693450927734
2020-01-09,74.8646240234375,73.3074951171875
2020-01-10,75.03385925292969,74.8646240234375
2020-01-11,75.56821695963542,75.03385925292969
2020-01-12,76.10257466634114,75.56821695963542
2020-01-13,76.63693237304688,76.10257466634114
2020-01-14,75.60208129882812,76.63693237304688
2020-01-15,75.27809143066406,75.60208129882812
2020-01-16,76.2210464477539,75.27809143066406
2020-01-17,77.06487274169922,76.2210464477539
2020-01-18,76.93431091308594,77.06487274169922
2020-01-19,76.80374908447266,76.93431091308594
2020-01-20,76.67318725585938,76.80374908447266
2020-01-21,76.5426254272461,76.67318725585938
2020-01-22,76.81584167480469,76.5426254272461
2020-01-23,77.18578338623047,76.81584167480469
2020-01-24,76.96332550048828,77.18578338623047
2020-01-25,76.20895894368489,76.96332550048828
2020-01-26,75.45459238688152,76.20895894368489
2020-01-27,74.70022583007812,75.45459238688152
2020-01-28,76.81344604492188,74.70022583007812
2020-01-29,78.42129516601562,76.81344604492188
2020-01-30,78.30767822265625,78.42129516601562
2020-01-31,74.83560943603516,78.30767822265625
2020-02-01,74.76710255940755,74.83560943603516
2020-02-02,74.69859568277995,74.76710255940755
2020-02-03,74.63008880615234,74.69859568277995
2020-02-04,77.09391784667969,74.63008880615234
2020-02-05,77.7225341796875,77.09391784667969
2020-02-06,78.63166809082031,77.7225341796875
2020-02-07,77.56285095214844,78.63166809082031
2020-02-08,77.6856460571289,77.56285095214844
2020-02-09,77.80844116210938,77.6856460571289
2020-02-10,77.93123626708984,77.80844116210938
2020-02-11,77.4610824584961,77.93123626708984
2020-02-12,79.30060577392578,77.4610824584961
2020-02-13,78.73587799072266,79.30060577392578
2020-02-14,78.75527954101562,78.73587799072266
2020-02-15,78.39476776123047,78.75527954101562
2020-02-16,78.03425598144531,78.39476776123047
2020-02-17,77.67374420166016,78.03425598144531
2020-02-18,77.313232421875,77.67374420166016
2020-02-19,78.43292236328125,77.313232421875
2020-02-20,77.62830352783203,78.43292236328125
2020-02-21,75.87118530273438,77.62830352783203
2020-02-22,74.66987609863281,75.87118530273438
2020-02-23,73.46856689453125,74.66987609863281
2020-02-24,72.26725769042969,73.46856689453125
2020-02-25,69.81941986083984,72.26725769042969
2020-02-26,70.92701721191406,69.81941986083984
2020-02-27,66.2906265258789,70.92701721191406
2020-02-28,66.25184631347656,66.2906265258789
2020-02-29,68.30788930257161,66.25184631347656
2020-03-01,70.36393229166667,68.30788930257161
2020-03-02,72.41997528076172,70.36393229166667
2020-03-03,70.11994934082031,72.41997528076172
2020-03-04,73.3724136352539,70.11994934082031
2020-03-05,70.992431640625,73.3724136352539
2020-03-06,70.04966735839844,70.992431640625
2020-03-07,68.20287068684895,70.04966735839844
2020-03-08,66.35607401529948,68.20287068684895
2020-03-09,64.50927734375,66.35607401529948
2020-03-10,69.15534973144531,64.50927734375
2020-03-11,66.75352478027344,69.15534973144531
2020-03-12,60.161319732666016,66.75352478027344
2020-03-13,67.369140625,60.161319732666016
2020-03-14,64.48019536336263,67.369140625
2020-03-15,61.59125010172526,64.48019536336263
2020-03-16,58.70230484008789,61.59125010172526
2020-03-17,61.283451080322266,58.70230484008789
2020-03-18,59.783233642578125,61.283451080322266
2020-03-19,59.325172424316406,59.783233642578125
2020-03-20,55.55888748168945,59.325172424316406
2020-03-21,55.165453592936196,55.55888748168945
2020-03-22,54.772019704182945,55.165453592936196
2020-03-23,54.37858581542969,54.772019704182945
2020-03-24,59.83413314819336,54.37858581542969
2020-03-25,59.5045280456543,59.83413314819336
2020-03-26,62.635826110839844,59.5045280456543
2020-03-27,60.04256820678711,62.635826110839844
2020-03-28,60.613731384277344,60.04256820678711
2020-03-29,61.18489456176758,60.613731384277344
2020-03-30,61.75605773925781,61.18489456176758
2020-03-31,61.630035400390625,61.75605773925781
2020-04-01,58.38723373413086,61.630035400390625
2020-04-02,59.361534118652344,58.38723373413086
2020-04-03,58.5084228515625,59.361534118652344
2020-04-04,60.20979563395182,58.5084228515625
2020-04-05,61.91116841634115,60.20979563395182
2020-04-06,63.61254119873047,61.91116841634115
2020-04-07,62.87576675415039,63.61254119873047
2020-04-08,64.48505401611328,62.87576675415039
2020-04-09,64.95037078857422,64.48505401611328
2020-04-10,65.26907920837402,64.95037078857422
2020-04-11,65.58778762817383,65.26907920837402
2020-04-12,65.90649604797363,65.58778762817383
2020-04-13,66.22520446777344,65.90649604797363
2020-04-14,69.56978607177734,66.22520446777344
2020-04-15,68.9347915649414,69.56978607177734
2020-04-16,69.48252868652344,68.9347915649414
2020-04-17,68.53974151611328,69.48252868652344
2020-04-18,68.06552378336589,68.53974151611328
2020-04-19,67.59130605061848,68.06552378336589
2020-04-20,67.1170883178711,67.59130605061848
2020-04-21,65.04248046875,67.1170883178711
2020-04-22,66.91594696044922,65.04248046875
2020-04-23,66.65660095214844,66.91594696044922
2020-04-24,68.5809555053711,66.65660095214844
2020-04-25,68.59710947672527,68.5809555053711
2020-04-26,68.61326344807942,68.59710947672527
2020-04-27,68.6294174194336,68.61326344807942
2020-04-28,67.5169677734375,68.6294174194336
2020-04-29,69.73458099365234,67.5169677734375
2020-04-30,71.2056884765625,69.73458099365234
2020-05-01,70.05936431884766,71.2056884765625
2020-05-02,70.38977813720703,70.05936431884766
2020-05-03,70.7201919555664,70.38977813720703
2020-05-04,71.05060577392578,70.7201919555664
2020-05-05,72.11701965332031,71.05060577392578
2020-05-06,72.86103057861328,72.11701965332031
2020-05-07,73.61478424072266,72.86103057861328
2020-05-08,75.36695098876953,73.61478424072266
2020-05-09,75.76226043701172,75.36695098876953
2020-05-10,76.1575698852539,75.76226043701172
2020-05-11,76.5528793334961,76.1575698852539
2020-05-12,75.67801666259766,76.5528793334961
2020-05-13,74.7642593383789,75.67801666259766
2020-05-14,75.22357177734375,74.7642593383789
2020-05-15,74.77884674072266,75.22357177734375
2020-05-16,75.3661371866862,74.77884674072266
2020-05-17,75.95342763264973,75.3661371866862
2020-05-18,76.54071807861328,75.95342763264973
2020-05-19,76.09843444824219,76.54071807861328
2020-05-20,77.57840728759766,76.09843444824219
2020-05-21,77.00003051757812,77.57840728759766
2020-05-22,77.49578094482422,77.00003051757812
2020-05-23,77.36455345153809,77.49578094482422
2020-05-24,77.23332595825195,77.36455345153809
2020-05-25,77.10209846496582,77.23332595825195
2020-05-26,76.97087097167969,77.10209846496582
2020-05-27,77.30622863769531,76.97087097167969
2020-05-28,77.34024810791016,77.30622863769531
2020-05-29,77.2649154663086,77.34024810791016
2020-05-30,77.58164978027344,77.2649154663086
2020-05-31,77.89838409423828,77.58164978027344
2020-06-01,78.21511840820312,77.89838409423828
2020-06-02,78.57718658447266,78.21511840820312
2020-06-03,79.00977325439453,78.57718658447266
2020-06-04,78.32931518554688,79.00977325439453
2020-06-05,80.56022644042969,78.32931518554688
2020-06-06,80.718994140625,80.56022644042969
2020-06-07,80.87776184082031,80.718994140625
2020-06-08,81.03652954101562,80.87776184082031
2020-06-09,83.59550476074219,81.03652954101562
2020-06-10,85.74622344970703,83.59550476074219
2020-06-11,81.62950897216797,85.74622344970703
2020-06-12,82.3342514038086,81.62950897216797
2020-06-13,82.67366536458333,82.3342514038086
2020-06-14,83.01307932535808,82.67366536458333
2020-06-15,83.35249328613281,83.01307932535808
2020-06-16,85.56151580810547,83.35249328613281
2020-06-17,85.44245147705078,85.56151580810547
2020-06-18,85.4764633178711,85.44245147705078
2020-06-19,84.98799896240234,85.4764633178711
2020-06-20,85.72920227050781,84.98799896240234
2020-06-21,86.47040557861328,85.72920227050781
2020-06-22,87.21160888671875,86.47040557861328
2020-06-23,89.0731201171875,87.21160888671875
2020-06-24,87.50080871582031,89.0731201171875
2020-06-25,88.66242980957031,87.50080871582031
2020-06-26,85.9382095336914,88.66242980957031
2020-06-27,86.59840393066406,85.9382095336914
2020-06-28,87.25859832763672,86.59840393066406
2020-06-29,87.91879272460938,87.25859832763672
2020-06-30,88.6526870727539,87.91879272460938
2020-07-01,88.48501586914062,88.6526870727539
2020-07-02,88.48501586914062,88.48501586914062
2020-07-03,89.07676696777344,88.48501586914062
2020-07-04,89.66851806640625,89.07676696777344
2020-07-05,90.26026916503906,89.66851806640625
2020-07-06,90.85202026367188,90.26026916503906
2020-07-07,90.57011413574219,90.85202026367188
2020-07-08,92.67948913574219,90.57011413574219
2020-07-09,93.07804870605469,92.67948913574219
2020-07-10,93.24085998535156,93.07804870605469
2020-07-11,93.0974833170573,93.24085998535156
2020-07-12,92.95410664876302,93.0974833170573
2020-07-13,92.81072998046875,92.95410664876302
2020-07-14,94.34661102294922,92.81072998046875
2020-07-15,94.9954605102539,94.34661102294922
2020-07-16,93.8265380859375,94.9954605102539
2020-07-17,93.6369857788086,93.8265380859375
2020-07-18,94.2947489420573,93.6369857788086
2020-07-19,94.95251210530598,94.2947489420573
2020-07-20,95.61027526855469,94.95251210530598
2020-07-21,94.29071044921875,95.61027526855469
2020-07-22,94.55559539794922,94.29071044921875
2020-07-23,90.25173950195312,94.55559539794922
2020-07-24,90.02818298339844,90.25173950195312
2020-07-25,90.73941040039062,90.02818298339844
2020-07-26,91.45063781738281,90.73941040039062
2020-07-27,92.161865234375,91.45063781738281
2020-07-28,90.64788818359375,92.161865234375
2020-07-29,92.38544464111328,90.64788818359375
2020-07-30,93.50332641601562,92.38544464111328
2020-07-31,103.29204559326172,93.50332641601562
2020-08-01,104.15962473551433,103.29204559326172
2020-08-02,105.02720387776692,104.15962473551433
2020-08-03,105.89478302001953,105.02720387776692
2020-08-04,106.6019515991211,105.89478302001953
2020-08-05,106.98834228515625,106.6019515991211
2020-08-06,110.72108459472656,106.98834228515625
2020-08-07,108.20378112792969,110.72108459472656
2020-08-08,108.72800954182942,108.20378112792969
2020-08-09,109.25223795572917,108.72800954182942
2020-08-10,109.7764663696289,109.25223795572917
2020-08-11,106.5117416381836,109.7764663696289
2020-08-12,110.05158996582031,106.5117416381836
2020-08-13,111.99923706054688,110.05158996582031
2020-08-14,111.8994140625,111.99923706054688
2020-08-15,111.80202738444011,111.8994140625
2020-08-16,111.7046407063802,111.80202738444011
2020-08-17,111.60725402832031,111.7046407063802
2020-08-18,112.53728485107422,111.60725402832031
2020-08-19,112.6784896850586,112.53728485107422
2020-08-20,115.17876434326172,112.6784896850586
2020-08-21,121.11421203613281,115.17876434326172
2020-08-22,121.59706624348958,121.11421203613281
2020-08-23,122.07992045084636,121.59706624348958
2020-08-24,122.56277465820312,122.07992045084636
2020-08-25,121.55728912353516,122.56277465820312
2020-08-26,123.21035766601562,121.55728912353516
2020-08-27,121.73746490478516,123.21035766601562
2020-08-28,121.54027557373047,121.73746490478516
2020-08-29,122.91416676839192,121.54027557373047
2020-08-30,124.28805796305339,122.91416676839192
2020-08-31,125.66194915771484,124.28805796305339
2020-09-01,130.66737365722656,125.66194915771484
2020-09-02,127.960205078125,130.66737365722656
2020-09-03,117.71556854248047,127.960205078125
2020-09-04,117.79347229003906,117.71556854248047
2020-09-05,115.81174659729004,117.79347229003906
2020-09-06,113.83002090454102,115.81174659729004
2020-09-07,111.84829521179199,113.83002090454102
2020-09-08,109.86656951904297,111.84829521179199
2020-09-09,114.2487564086914,109.86656951904297
2020-09-10,110.5190200805664,114.2487564086914
2020-09-11,109.06802368164062,110.5190200805664
2020-09-12,110.15870666503906,109.06802368164062
2020-09-13,111.2493896484375,110.15870666503906
2020-09-14,112.34007263183594,111.2493896484375
2020-09-15,112.51535034179688,112.34007263183594
2020-09-16,109.19463348388672,112.51535034179688
2020-09-17,107.45147705078125,109.19463348388672
2020-09-18,104.04312133789062,107.45147705078125
2020-09-19,105.09484354654948,104.04312133789062
2020-09-20,106.14656575520833,105.09484354654948
2020-09-21,107.19828796386719,106.14656575520833
2020-09-22,108.88301086425781,107.19828796386719
2020-09-23,104.31580352783203,108.88301086425781
2020-09-24,105.386962890625,104.31580352783203
2020-09-25,109.34070587158203,105.386962890625
2020-09-26,110.21065775553386,109.34070587158203
2020-09-27,111.08060963948567,110.21065775553386
2020-09-28,111.9505615234375,111.08060963948567
2020-09-29,111.10332489013672,111.9505615234375
2020-09-30,112.77827453613281,111.10332489013672
2020-10-01,113.7326431274414,112.77827453613281
2020-10-02,110.06134796142578,113.7326431274414
2020-10-03,111.19097900390625,110.06134796142578
2020-10-04,112.32061004638672,111.19097900390625
2020-10-05,113.45024108886719,112.32061004638672
2020-10-06,110.19766998291016,113.45024108886719
2020-10-07,112.06741333007812,110.19766998291016
2020-10-08,111.96028900146484,112.06741333007812
2020-10-09,113.90791320800781,111.96028900146484
2020-10-10,116.31974792480469,113.90791320800781
2020-10-11,118.73158264160156,116.31974792480469
2020-10-12,121.14341735839844,118.73158264160156
2020-10-13,117.9298095703125,121.14341735839844
2020-10-14,118.01746368408203,117.9298095703125
2020-10-15,117.55001831054688,118.01746368408203
2020-10-16,115.90425109863281,117.55001831054688
2020-10-17,114.91744995117188,115.90425109863281
2020-10-18,113.93064880371094,114.91744995117188
2020-10-19,112.94384765625,113.93064880371094
2020-10-20,114.43380737304688,112.94384765625
2020-10-21,113.8105697631836,114.43380737304688
2020-10-22,112.71988677978516,113.8105697631836
2020-10-23,112.02845764160156,112.71988677978516
2020-10-24,112.03170522054036,112.02845764160156
2020-10-25,112.03495279947917,112.03170522054036
2020-10-26,112.03820037841797,112.03495279947917
2020-10-27,113.54762268066406,112.03820037841797
2020-10-28,108.28897857666016,113.54762268066406
2020-10-29,112.30111694335938,108.28897857666016
2020-10-30,106.01023864746094,112.30111694335938
2020-10-31,105.98102060953777,106.01023864746094
2020-11-01,105.95180257161458,105.98102060953777
2020-11-02,105.9225845336914,105.95180257161458
2020-11-03,107.54888916015625,105.9225845336914
2020-11-04,111.94081115722656,107.54888916015625
2020-11-05,115.91399383544922,111.94081115722656
2020-11-06,115.78229522705078,115.91399383544922
2020-11-07,115.01165517171223,115.78229522705078
2020-11-08,114.2410151163737,115.01165517171223
2020-11-09,113.47037506103516,114.2410151163737
2020-11-10,113.12894439697266,113.47037506103516
2020-11-11,116.56270599365234,113.12894439697266
2020-11-12,116.28955841064453,116.56270599365234
2020-11-13,116.33833312988281,116.28955841064453
2020-11-14,116.67651621500652,116.33833312988281
2020-11-15,117.0146993001302,116.67651621500652
2020-11-16,117.3528823852539,117.0146993001302
2020-11-17,116.46515655517578,117.3528823852539
2020-11-18,115.13847351074219,116.46515655517578
2020-11-19,115.73355102539062,115.13847351074219
2020-11-20,114.4653549194336,115.73355102539062
2020-11-21,113.33053588867188,114.4653549194336
2020-11-22,112.19571685791016,113.33053588867188
2020-11-23,111.06089782714844,112.19571685791016
2020-11-24,112.34852600097656,111.06089782714844
2020-11-25,113.18749237060547,112.34852600097656
2020-11-26,113.46062088012695,113.18749237060547
2020-11-27,113.73374938964844,113.46062088012695
2020-11-28,114.53366597493489,113.73374938964844
2020-11-29,115.33358256022136,114.53366597493489
2020-11-30,116.13349914550781,115.33358256022136
2020-12-01,119.71358489990234,116.13349914550781
2020-12-02,120.06477355957031,119.71358489990234
2020-12-03,119.92819213867188,120.06477355957031
2020-12-04,119.2551040649414,119.92819213867188
2020-12-05,119.74285634358723,119.2551040649414
2020-12-06,120.23060862223308,119.74285634358723
2020-12-07,120.7183609008789,120.23060862223308
2020-12-08,121.33293151855469,120.7183609008789
2020-12-09,118.7966079711914,121.33293151855469
2020-12-10,120.22083282470703,118.7966079711914
2020-12-11,119.41117858886719,120.22083282470703
2020-12-12,119.2063217163086,119.41117858886719
2020-12-13,119.00146484375,119.2063217163086
2020-12-14,118.7966079711914,119.00146484375
2020-12-15,124.74717712402344,118.7966079711914
2020-12-16,124.67889404296875,124.74717712402344
2020-12-17,125.54706573486328,124.67889404296875
2020-12-18,123.55705261230469,125.54706573486328
2020-12-19,124.06756591796875,123.55705261230469
2020-12-20,124.57807922363281,124.06756591796875
2020-12-21,125.08859252929688,124.57807922363281
2020-12-22,128.64920043945312,125.08859252929688
2020-12-23,127.75171661376953,128.64920043945312
2020-12-24,128.7369842529297,127.75171661376953
2020-12-25,129.8880729675293,128.7369842529297
2020-12-26,131.0391616821289,129.8880729675293
2020-12-27,132.19025039672852,131.0391616821289
2020-12-28,133.34133911132812,132.19025039672852
2020-12-29,131.56591796875,133.34133911132812
2020-12-30,130.444091796875,131.56591796875
2020-12-31,129.4393310546875,130.444091796875
2021-01-01,128.63942527770996,129.4393310546875
2021-01-02,127.83951950073242,128.63942527770996
2021-01-03,127.03961372375488,127.83951950073242
2021-01-04,126.23970794677734,127.03961372375488
2021-01-05,127.80046081542969,126.23970794677734
2021-01-06,123.49851989746094,127.80046081542969
2021-01-07,127.71268463134766,123.49851989746094
2021-01-08,128.8150177001953,127.71268463134766
2021-01-09,127.81674702962239,128.8150177001953
2021-01-10,126.81847635904948,127.81674702962239
2021-01-11,125.82020568847656,126.81847635904948
2021-01-12,125.6446304321289,125.82020568847656
2021-01-13,127.6834487915039,125.6446304321289
2021-01-14,125.75196075439453,127.6834487915039
2021-01-15,124.02529907226562,125.75196075439453
2021-01-16,124.19357299804688,124.02529907226562
2021-01-17,124.36184692382812,124.19357299804688
2021-01-18,124.53012084960938,124.36184692382812
2021-01-19,124.69839477539062,124.53012084960938
2021-01-20,128.7955322265625,124.69839477539062
2021-01-21,133.5169219970703,128.7955322265625
2021-01-22,135.6630401611328,133.5169219970703
2021-01-23,136.91492716471353,135.6630401611328
2021-01-24,138.16681416829428,136.91492716471353
2021-01-25,139.418701171875,138.16681416829428
2021-01-26,139.65284729003906,139.418701171875
2021-01-27,138.5797882080078,139.65284729003906
2021-01-28,133.7315673828125,138.5797882080078
2021-01-29,128.72720336914062,133.7315673828125
2021-01-30,129.43607584635416,128.72720336914062
2021-01-31,130.14494832356772,129.43607584635416
2021-02-01,130.85382080078125,130.14494832356772
2021-02-02,131.68299865722656,130.85382080078125
2021-02-03,130.65870666503906,131.68299865722656
2021-02-04,134.024169921875,130.65870666503906
2021-02-05,133.60897827148438,134.024169921875
2021-02-06,133.65782165527344,133.60897827148438
2021-02-07,133.7066650390625,133.65782165527344
2021-02-08,133.75550842285156,133.7066650390625
2021-02-09,132.876220703125,133.75550842285156
2021-02-10,132.27053833007812,132.876220703125
2021-02-11,132.0165252685547,132.27053833007812
2021-02-12,132.2509765625,132.0165252685547
2021-02-13,131.7185401916504,132.2509765625
2021-02-14,131.18610382080078,131.7185401916504
2021-02-15,130.65366744995117,131.18610382080078
2021-02-16,130.12123107910156,130.65366744995117
2021-02-17,127.82539367675781,130.12123107910156
2021-02-18,126.72145080566406,127.82539367675781
2021-02-19,126.87773132324219,126.72145080566406
2021-02-20,125.61745198567708,126.87773132324219
2021-02-21,124.35717264811198,125.61745198567708
2021-02-22,123.09689331054688,124.35717264811198
2021-02-23,122.96011352539062,123.09689331054688
2021-02-24,122.4618911743164,122.96011352539062
2021-02-25,118.20233154296875,122.4618911743164
2021-02-26,118.46609497070312,118.20233154296875
2021-02-27,120.59261830647786,118.46609497070312
2021-02-28,122.71914164225261,120.59261830647786
2021-03-01,124.84566497802734,122.71914164225261
2021-03-02,122.2371826171875,124.84566497802734
2021-03-03,119.24767303466797,122.2371826171875
2021-03-04,117.3621597290039,119.24767303466797
2021-03-05,118.62242126464844,117.3621597290039
2021-03-06,116.97461446126302,118.62242126464844
2021-03-07,115.32680765787761,116.97461446126302
2021-03-08,113.67900085449219,115.32680765787761
2021-03-09,118.3000259399414,113.67900085449219
2021-03-10,117.21560668945312,118.3000259399414
2021-03-11,119.14997100830078,117.21560668945312
2021-03-12,118.24140930175781,119.14997100830078
2021-03-13,119.2053451538086,118.24140930175781
2021-03-14,120.16928100585938,119.2053451538086
2021-03-15,121.13321685791016,120.16928100585938
2021-03-16,122.67681121826172,121.13321685791016
2021-03-17,121.8854751586914,122.67681121826172
2021-03-18,117.75294494628906,121.8854751586914
2021-03-19,117.2253646850586,117.75294494628906
2021-03-20,118.33258565266927,117.2253646850586
2021-03-21,119.43980662027995,118.33258565266927
2021-03-22,120.54702758789062,119.43980662027995
2021-03-23,119.71662902832031,120.54702758789062
2021-03-24,117.32306671142578,119.71662902832031
2021-03-25,117.8115234375,117.32306671142578
2021-03-26,118.41726684570312,117.8115234375
2021-03-27,118.4758783976237,118.41726684570312
2021-03-28,118.53448994954427,118.4758783976237
2021-03-29,118.59310150146484,118.53448994954427
2021-03-30,117.13744354248047,118.59310150146484
2021-03-31,119.33560943603516,117.13744354248047
2021-04-01,120.16603088378906,119.33560943603516
2021-04-02,120.87432479858398,120.16603088378906
2021-04-03,121.5826187133789,120.87432479858398
2021-04-04,122.29091262817383,121.5826187133789
2021-04-05,122.99920654296875,122.29091262817383
2021-04-06,123.30207061767578,122.99920654296875
2021-04-07,124.95311737060547,123.30207061767578
2021-04-08,127.35643768310547,124.95311737060547
2021-04-09,129.93565368652344,127.35643768310547
2021-04-10,129.3625030517578,129.93565368652344
2021-04-11,128.7893524169922,129.3625030517578
2021-04-12,128.21620178222656,128.7893524169922
2021-04-13,131.33265686035156,128.21620178222656
2021-04-14,128.9879913330078,131.33265686035156
2021-04-15,131.40106201171875,128.9879913330078
2021-04-16,131.0688934326172,131.40106201171875
2021-04-17,131.29033915201822,131.0688934326172
2021-04-18,131.51178487141928,131.29033915201822
2021-04-19,131.7332305908203,131.51178487141928
2021-04-20,130.0430908203125,131.7332305908203
2021-04-21,130.42410278320312,130.0430908203125
2021-04-22,128.90003967285156,130.42410278320312
2021-04-23,131.2252197265625,128.90003967285156
2021-04-24,131.35546875,131.2252197265625
2021-04-25,131.4857177734375,131.35546875
2021-04-26,131.615966796875,131.4857177734375
2021-04-27,131.2935791015625,131.615966796875
2021-04-28,130.5022735595703,131.2935791015625
2021-04-29,130.40457153320312,130.5022735595703
2021-04-30,128.4311065673828,130.40457153320312
2021-05-01,128.7828114827474,128.4311065673828
2021-05-02,129.13451639811197,128.7828114827474
2021-05-03,129.48622131347656,129.13451639811197
2021-05-04,124.90428161621094,129.48622131347656
2021-05-05,125.14852905273438,124.90428161621094
2021-05-06,126.750732421875,125.14852905273438
2021-05-07,127.42598724365234,126.750732421875
2021-05-08,126.32992553710938,127.42598724365234
2021-05-09,125.2338638305664,126.32992553710938
2021-05-10,124.13780212402344,125.2338638305664
2021-05-11,123.2179183959961,124.13780212402344
2021-05-12,120.1450424194336,123.2179183959961
2021-05-13,122.29801177978516,120.1450424194336
2021-05-14,124.72498321533203,122.29801177978516
2021-05-15,124.34005737304688,124.72498321533203
2021-05-16,123.95513153076172,124.34005737304688
2021-05-17,123.57020568847656,123.95513153076172
2021-05-18,122.18058013916016,123.57020568847656
2021-05-19,122.02400207519531,122.18058013916016
2021-05-20,124.58798217773438,122.02400207519531
2021-05-21,122.7481689453125,124.58798217773438
2021-05-22,123.29293060302734,122.7481689453125
2021-05-23,123.83769226074219,123.29293060302734
2021-05-24,124.38245391845703,123.83769226074219
2021-05-25,124.18675231933594,124.38245391845703
2021-05-26,124.13780212402344,124.18675231933594
2021-05-27,122.60138702392578,124.13780212402344
2021-05-28,121.94569396972656,122.60138702392578
2021-05-29,121.86496162414551,121.94569396972656
2021-05-30,121.78422927856445,121.86496162414551
2021-05-31,121.7034969329834,121.78422927856445
2021-06-01,121.62276458740234,121.7034969329834
2021-06-02,122.38607788085938,121.62276458740234
2021-06-03,120.89859008789062,122.38607788085938
2021-06-04,123.19834899902344,120.89859008789062
2021-06-05,123.2016092936198,123.19834899902344
2021-06-06,123.20486958821614,123.2016092936198
2021-06-07,123.2081298828125,123.20486958821614
2021-06-08,124.03016662597656,123.2081298828125
2021-06-09,124.41182708740234,124.03016662597656
2021-06-10,123.41363525390625,124.41182708740234
2021-06-11,124.62714385986328,123.41363525390625
2021-06-12,125.64815775553386,124.62714385986328
2021-06-13,126.66917165120442,125.64815775553386
2021-06-14,127.690185546875,126.66917165120442
2021-06-15,126.86817169189453,127.690185546875
2021-06-16,127.36725616455078,126.86817169189453
2021-06-17,128.97218322753906,127.36725616455078
2021-06-18,127.67064666748047,128.97218322753906
2021-06-19,128.2708485921224,127.67064666748047
2021-06-20,128.8710505167643,128.2708485921224
2021-06-21,129.47125244140625,128.8710505167643
2021-06-22,131.11532592773438,129.47125244140625
2021-06-23,130.8413543701172,131.11532592773438
2021-06-24,130.5575714111328,130.8413543701172
2021-06-25,130.2639923095703,130.5575714111328
2021-06-26,130.80875651041666,130.2639923095703
2021-06-27,131.35352071126303,130.80875651041666
2021-06-28,131.89828491210938,131.35352071126303
2021-06-29,133.4150848388672,131.89828491210938
2021-06-30,134.0316619873047,133.4150848388672
2021-07-01,134.33502197265625,134.0316619873047
2021-07-02,136.96749877929688,134.33502197265625
2021-07-03,137.47149276733398,136.96749877929688
2021-07-04,137.9754867553711,137.47149276733398
2021-07-05,138.4794807434082,137.9754867553711
2021-07-06,138.9834747314453,138.4794807434082
2021-07-07,141.4789581298828,138.9834747314453
2021-07-08,140.17739868164062,141.4789581298828
2021-07-09,142.00741577148438,140.17739868164062
2021-07-10,141.8084259033203,142.00741577148438
2021-07-11,141.60943603515625,141.8084259033203
2021-07-12,141.4104461669922,141.60943603515625
2021-07-13,142.52606201171875,141.4104461669922
2021-07-14,145.9610137939453,142.52606201171875
2021-07-15,145.30532836914062,145.9610137939453
2021-07-16,143.26004028320312,145.30532836914062
2021-07-17,141.97478230794272,143.26004028320312
2021-07-18,140.68952433268228,141.97478230794272
2021-07-19,139.40426635742188,140.68952433268228
2021-07-20,143.02516174316406,139.40426635742188
2021-07-21,142.2911834716797,143.02516174316406
2021-07-22,143.66128540039062,142.2911834716797
2021-07-23,145.38360595703125,143.66128540039062
2021-07-24,145.52388509114584,145.38360595703125
2021-07-25,145.6641642252604,145.52388509114584
2021-07-26,145.804443359375,145.6641642252604
2021-07-27,143.63189697265625,145.804443359375
2021-07-28,141.8801727294922,143.63189697265625
2021-07-29,142.52606201171875,141.8801727294922
2021-07-30,142.74134826660156,142.52606201171875
2021-07-31,142.6304473876953,142.74134826660156
2021-08-01,142.51954650878906,142.6304473876953
2021-08-02,142.4086456298828,142.51954650878906
2021-08-03,144.2092742919922,142.4086456298828
2021-08-04,143.8080291748047,144.2092742919922
2021-08-05,143.91571044921875,143.8080291748047
2021-08-06,143.22962951660156,143.91571044921875
2021-08-07,143.2133026123047,143.22962951660156
2021-08-08,143.1969757080078,143.2133026123047
2021-08-09,143.18064880371094,143.1969757080078
2021-08-10,142.70040893554688,143.18064880371094
2021-08-11,142.95521545410156,142.70040893554688
2021-08-12,145.92489624023438,142.95521545410156
2021-08-13,146.13072204589844,145.92489624023438
2021-08-14,146.79064432779947,146.13072204589844
2021-08-15,147.45056660970053,146.79064432779947
2021-08-16,148.11048889160156,147.45056660970053
2021-08-17,147.19895935058594,148.11048889160156
2021-08-18,143.44528198242188,147.19895935058594
2021-08-19,143.7784881591797,143.44528198242188
2021-08-20,145.23883056640625,143.7784881591797
2021-08-21,145.73541259765625,145.23883056640625
2021-08-22,146.23199462890625,145.73541259765625
2021-08-23,146.72857666015625,146.23199462890625
2021-08-24,146.64031982421875,146.72857666015625
2021-08-25,145.4054412841797,146.64031982421875
2021-08-26,144.60177612304688,145.4054412841797
2021-08-27,145.6406707763672,144.60177612304688
2021-08-28,147.11732482910156,145.6406707763672
2021-08-29,148.59397888183594,147.11732482910156
2021-08-30,150.0706329345703,148.59397888183594
2021-08-31,148.80633544921875,150.0706329345703
2021-09-01,149.4727783203125,148.80633544921875
2021-09-02,150.59005737304688,149.4727783203125
2021-09-03,151.22714233398438,150.59005737304688
2021-09-04,151.81275177001953,151.22714233398438
2021-09-05,152.3983612060547,151.81275177001953
2021-09-06,152.98397064208984,152.3983612060547
2021-09-07,153.569580078125,152.98397064208984
2021-09-08,152.02099609375,153.569580078125
2021-09-09,151.00172424316406,152.02099609375
2021-09-10,146.00328063964844,151.00172424316406
2021-09-11,146.1927693684896,146.00328063964844
2021-09-12,146.38225809733072,146.1927693684896
2021-09-13,146.57174682617188,146.38225809733072
2021-09-14,145.17022705078125,146.57174682617188
2021-09-15,146.0620880126953,145.17022705078125
2021-09-16,145.82687377929688,146.0620880126953
2021-09-17,143.15121459960938,145.82687377929688
2021-09-18,142.1319376627604,143.15121459960938
2021-09-19,141.11266072591147,142.1319376627604
2021-09-20,140.0933837890625,141.11266072591147
2021-09-21,140.57362365722656,140.0933837890625
2021-09-22,142.94544982910156,140.57362365722656
2021-09-23,143.90589904785156,142.94544982910156
2021-09-24,143.99411010742188,143.90589904785156
2021-09-25,143.48773193359375,143.99411010742188
2021-09-26,142.98135375976562,143.48773193359375
2021-09-27,142.4749755859375,142.98135375976562
2021-09-28,139.0839080810547,142.4749755859375
2021-09-29,139.98561096191406,139.0839080810547
2021-09-30,138.6820526123047,139.98561096191406
2021-10-01,139.80917358398438,138.6820526123047
2021-10-02,138.66247049967447,139.80917358398438
2021-10-03,137.5157674153646,138.66247049967447
2021-10-04,136.3690643310547,137.5157674153646
2021-10-05,138.29981994628906,136.3690643310547
2021-10-06,139.17210388183594,138.29981994628906
2021-10-07,140.4364013671875,139.17210388183594
2021-10-08,140.05418395996094,140.4364013671875
2021-10-09,140.02476501464844,140.05418395996094
2021-10-10,139.99534606933594,140.02476501464844
2021-10-11,139.96592712402344,139.99534606933594
2021-10-12,138.6918487548828,139.96592712402344
2021-10-13,138.1038055419922,138.6918487548828
2021-10-14,140.8970489501953,138.1038055419922
2021-10-15,141.9555206298828,140.8970489501953
2021-10-16,142.51417541503906,141.9555206298828
2021-10-17,143.0728302001953,142.51417541503906
2021-10-18,143.63148498535156,143.0728302001953
2021-10-19,145.7974853515625,143.63148498535156
2021-10-20,146.28750610351562,145.7974853515625
2021-10-21,146.50311279296875,146.28750610351562
2021-10-22,145.72885131835938,146.50311279296875
2021-10-23,145.71251932779947,145.72885131835938
2021-10-24,145.6961873372396,145.71251932779947
2021-10-25,145.6798553466797,145.6961873372396
2021-10-26,146.34634399414062,145.6798553466797
2021-10-27,145.8856964111328,146.34634399414062
2021-10-28,149.53163146972656,145.8856964111328
2021-10-29,146.8167724609375,149.53163146972656
2021-10-30,146.54234822591147,146.8167724609375
2021-10-31,146.2679239908854,146.54234822591147
2021-11-01,145.99349975585938,146.2679239908854
2021-11-02,147.03237915039062,145.99349975585938
2021-11-03,148.4730987548828,147.03237915039062
2021-11-04,147.9536895751953,148.4730987548828
2021-11-05,148.4836883544922,147.9536895751953
2021-11-06,148.20885721842447,148.4836883544922
2021-11-07,147.93402608235678,148.20885721842447
2021-11-08,147.65919494628906,147.93402608235678
2021-11-09,148.02236938476562,147.65919494628906
2021-11-10,145.185791015625,148.02236938476562
2021-11-11,145.13670349121094,145.185791015625
2021-11-12,147.217529296875,145.13670349121094
2021-11-13,147.2207997639974,147.217529296875
2021-11-14,147.22407023111978,147.2207997639974
2021-11-15,147.2273406982422,147.22407023111978
2021-11-16,148.2088623046875,147.2273406982422
2021-11-17,150.65284729003906,148.2088623046875
2021-11-18,154.95184326171875,150.65284729003906
2021-11-19,157.5823211669922,154.95184326171875
2021-11-20,157.73608907063803,157.5823211669922
2021-11-21,157.88985697428384,157.73608907063803
2021-11-22,158.0436248779297,157.88985697428384
2021-11-23,158.42640686035156,158.0436248779297
2021-11-24,158.94664001464844,158.42640686035156
2021-11-25,156.42904663085938,158.94664001464844
2021-11-26,153.9114532470703,156.42904663085938
2021-11-27,155.0336659749349,153.9114532470703
2021-11-28,156.15587870279947,155.0336659749349
2021-11-29,157.27809143066406,156.15587870279947
2021-11-30,162.24453735351562,157.27809143066406
2021-12-01,161.72434997558594,162.24453735351562
2021-12-02,160.73297119140625,161.72434997558594
2021-12-03,158.8484649658203,160.73297119140625
2021-12-04,159.98703002929688,158.8484649658203
2021-12-05,161.12559509277344,159.98703002929688
2021-12-06,162.26416015625,161.12559509277344
2021-12-07,168.01585388183594,162.26416015625
2021-12-08,171.84376525878906,168.01585388183594
2021-12-09,171.33335876464844,171.84376525878906
2021-12-10,176.13296508789062,171.33335876464844
2021-12-11,174.91915893554688,176.13296508789062
2021-12-12,173.70535278320312,174.91915893554688
2021-12-13,172.49154663085938,173.70535278320312
2021-12-14,171.10763549804688,172.49154663085938
2021-12-15,175.98574829101562,171.10763549804688
2021-12-16,169.0758819580078,175.98574829101562
2021-12-17,167.9765625,169.0758819580078
2021-12-18,167.5218048095703,167.9765625
2021-12-19,167.06704711914062,167.5218048095703
2021-12-20,166.61228942871094,167.06704711914062
2021-12-21,169.7924041748047,166.61228942871094
2021-12-22,172.39340209960938,169.7924041748047
2021-12-23,173.02154541015625,172.39340209960938
2021-12-24,174.0153350830078,173.02154541015625
2021-12-25,175.00912475585938,174.0153350830078
2021-12-26,176.00291442871094,175.00912475585938
2021-12-27,176.9967041015625,176.00291442871094
2021-12-28,175.97593688964844,176.9967041015625
2021-12-29,176.06422424316406,175.97593688964844
2021-12-30,174.9060821533203,176.06422424316406
2021-12-31,174.28773498535156,174.9060821533203
2022-01-01,175.7403767903646,174.28773498535156
2022-01-02,177.1930185953776,175.7403767903646
2022-01-03,178.64566040039062,177.1930185953776
2022-01-04,176.37835693359375,178.64566040039062
2022-01-05,171.68670654296875,176.37835693359375
2022-01-06,168.82066345214844,171.68670654296875
2022-01-07,168.987548828125,168.82066345214844
2022-01-08,168.99408467610678,168.987548828125
2022-01-09,169.00062052408853,168.99408467610678
2022-01-10,169.0071563720703,169.00062052408853
2022-01-11,171.84376525878906,169.0071563720703
2022-01-12,172.28543090820312,171.84376525878906
2022-01-13,169.0071563720703,172.28543090820312
2022-01-14,169.87091064453125,169.0071563720703
2022-01-15,169.0685157775879,169.87091064453125
2022-01-16,168.26612091064453,169.0685157775879
2022-01-17,167.46372604370117,168.26612091064453
2022-01-18,166.6613311767578,167.46372604370117
2022-01-19,163.1573486328125,166.6613311767578
2022-01-20,161.4691162109375,163.1573486328125
2022-01-21,159.40792846679688,161.4691162109375
2022-01-22,159.14947001139322,159.40792846679688
2022-01-23,158.8910115559896,159.14947001139322
2022-01-24,158.63255310058594,158.8910115559896
2022-01-25,156.82655334472656,158.63255310058594
2022-01-26,156.7382354736328,156.82655334472656
2022-01-27,156.27691650390625,156.7382354736328
2022-01-28,167.1815185546875,156.27691650390625
2022-01-29,168.6374308268229,167.1815185546875
2022-01-30,170.09334309895834,168.6374308268229
2022-01-31,171.54925537109375,170.09334309895834
2022-02-01,171.3824462890625,171.54925537109375
2022-02-02,172.58969116210938,171.3824462890625
2022-02-03,169.70404052734375,172.58969116210938
2022-02-04,169.41903686523438,169.70404052734375
2022-02-05,169.17990112304688,169.41903686523438
2022-02-06,168.94076538085938,169.17990112304688
2022-02-07,168.70162963867188,168.94076538085938
2022-02-08,171.81698608398438,168.70162963867188
2022-02-09,173.2419891357422,171.81698608398438
2022-02-10,169.15370178222656,173.2419891357422
2022-02-11,165.73365783691406,169.15370178222656
2022-02-12,165.8122812906901,165.73365783691406
2022-02-13,165.89090474446616,165.8122812906901
2022-02-14,165.9695281982422,165.89090474446616
2022-02-15,169.8121337890625,165.9695281982422
2022-02-16,169.57627868652344,169.8121337890625
2022-02-17,165.9695281982422,169.57627868652344
2022-02-18,164.41676330566406,165.9695281982422
2022-02-19,163.6846046447754,164.41676330566406
2022-02-20,162.95244598388672,163.6846046447754
2022-02-21,162.22028732299805,162.95244598388672
2022-02-22,161.48812866210938,162.22028732299805
2022-02-23,157.31138610839844,161.48812866210938
2022-02-24,159.93533325195312,157.31138610839844
2022-02-25,162.00901794433594,159.93533325195312
2022-02-26,162.09744771321616,162.00901794433594
2022-02-27,162.18587748209634,162.09744771321616
2022-02-28,162.27430725097656,162.18587748209634
2022-03-01,160.38739013671875,162.27430725097656
2022-03-02,163.68954467773438,160.38739013671875
2022-03-03,163.36521911621094,163.68954467773438
2022-03-04,160.3579559326172,163.36521911621094
2022-03-05,159.0901896158854,160.3579559326172
2022-03-06,157.82242329915366,159.0901896158854
2022-03-07,156.55465698242188,157.82242329915366
2022-03-08,154.7266845703125,156.55465698242188
2022-03-09,160.14170837402344,154.7266845703125
2022-03-10,155.7880859375,160.14170837402344
2022-03-11,152.06338500976562,155.7880859375
2022-03-12,150.71700541178384,152.06338500976562
2022-03-13,149.3706258138021,150.71700541178384
2022-03-14,148.0242462158203,149.3706258138021
2022-03-15,152.41720581054688,148.0242462158203
2022-03-16,156.8396453857422,152.41720581054688
2022-03-17,157.8518829345703,156.8396453857422
2022-03-18,161.15396118164062,157.8518829345703
2022-03-19,161.61259969075522,161.15396118164062
2022-03-20,162.07123819986978,161.61259969075522
2022-03-21,162.52987670898438,162.07123819986978
2022-03-22,165.91058349609375,162.52987670898438
2022-03-23,167.27662658691406,165.91058349609375
2022-03-24,171.0701141357422,167.27662658691406
2022-03-25,171.70892333984375,171.0701141357422
2022-03-26,171.9971923828125,171.70892333984375
2022-03-27,172.28546142578125,171.9971923828125
2022-03-28,172.57373046875,172.28546142578125
2022-03-29,175.8758087158203,172.57373046875
2022-03-30,174.70628356933594,175.8758087158203
2022-03-31,171.60081481933594,174.70628356933594
2022-04-01,171.3059539794922,171.60081481933594
2022-04-02,172.65889994303384,171.3059539794922
2022-04-03,174.01184590657553,172.65889994303384
2022-04-04,175.3647918701172,174.01184590657553
2022-04-05,172.04302978515625,175.3647918701172
2022-04-06,168.86871337890625,172.04302978515625
2022-04-07,169.17335510253906,168.86871337890625
2022-04-08,167.15866088867188,169.17335510253906
2022-04-09,165.73692830403647,167.15866088867188
2022-04-10,164.31519571940103,165.73692830403647
2022-04-11,162.89346313476562,164.31519571940103
2022-04-12,164.7705841064453,162.89346313476562
2022-04-13,167.46334838867188,164.7705841064453
2022-04-14,162.44140625,167.46334838867188
2022-04-15,162.3873634338379,162.44140625
2022-04-16,162.33332061767578,162.3873634338379
2022-04-17,162.27927780151367,162.33332061767578
2022-04-18,162.22523498535156,162.27927780151367
2022-04-19,164.51504516601562,162.22523498535156
2022-04-20,164.34796142578125,164.51504516601562
2022-04-21,163.55194091796875,164.34796142578125
2022-04-22,159.00173950195312,163.55194091796875
2022-04-23,159.3588104248047,159.00173950195312
2022-04-24,159.71588134765625,159.3588104248047
2022-04-25,160.0729522705078,159.71588134765625
2022-04-26,154.0977325439453,160.0729522705078
2022-04-27,153.8717041015625,154.0977325439453
2022-04-28,160.8198699951172,153.8717041015625
2022-04-29,154.93309020996094,160.8198699951172
2022-04-30,155.0346425374349,154.93309020996094
2022-05-01,155.13619486490884,155.0346425374349
2022-05-02,155.2377471923828,155.13619486490884
2022-05-03,156.7315216064453,155.2377471923828
2022-05-04,163.15882873535156,156.7315216064453
2022-05-05,154.06825256347656,163.15882873535156
2022-05-06,154.79653930664062,154.06825256347656
2022-05-07,153.08402506510416,154.79653930664062
2022-05-08,151.37151082356772,153.08402506510416
2022-05-09,149.65899658203125,151.37151082356772
2022-05-10,152.07028198242188,149.65899658203125
2022-05-11,144.18678283691406,152.07028198242188
2022-05-12,140.30897521972656,144.18678283691406
2022-05-13,144.78713989257812,140.30897521972656
2022-05-14,144.2720692952474,144.78713989257812
2022-05-15,143.75699869791666,144.2720692952474
2022-05-16,143.24192810058594,143.75699869791666
2022-05-17,146.88351440429688,143.24192810058594
2022-05-18,138.596435546875,146.88351440429688
2022-05-19,135.18125915527344,138.596435546875
2022-05-20,135.41748046875,135.18125915527344
2022-05-21,137.22842407226562,135.41748046875
2022-05-22,139.03936767578125,137.22842407226562
2022-05-23,140.85031127929688,139.03936767578125
2022-05-24,138.14370727539062,140.85031127929688
2022-05-25,138.3011932373047,138.14370727539062
2022-05-26,141.5097198486328,138.3011932373047
2022-05-27,147.2772216796875,141.5097198486328
2022-05-28,147.0803680419922,147.2772216796875
2022-05-29,146.88351440429688,147.0803680419922
2022-05-30,146.68666076660156,146.88351440429688
2022-05-31,146.48980712890625,146.68666076660156
2022-06-01,146.3618621826172,146.48980712890625
2022-06-02,148.82241821289062,146.3618621826172
2022-06-03,143.08445739746094,148.82241821289062
2022-06-04,143.33379618326822,143.08445739746094
2022-06-05,143.58313496907553,143.33379618326822
2022-06-06,143.8324737548828,143.58313496907553
2022-06-07,146.3618621826172,143.8324737548828
2022-06-08,145.62371826171875,146.3618621826172
2022-06-09,140.38771057128906,145.62371826171875
2022-06-10,134.9647216796875,140.38771057128906
2022-06-11,133.24236043294272,134.9647216796875
2022-06-12,131.5199991861979,133.24236043294272
2022-06-13,129.79763793945312,131.5199991861979
2022-06-14,130.66372680664062,129.79763793945312
2022-06-15,133.29156494140625,130.66372680664062
2022-06-16,128.00633239746094,133.29156494140625
2022-06-17,129.48268127441406,128.00633239746094
2022-06-18,130.54316329956055,129.48268127441406
2022-06-19,131.60364532470703,130.54316329956055
2022-06-20,132.66412734985352,131.60364532470703
2022-06-21,133.724609375,132.66412734985352
2022-06-22,133.2128448486328,133.724609375
2022-06-23,136.0867156982422,133.2128448486328
2022-06-24,139.42318725585938,136.0867156982422
2022-06-25,139.42318725585938,139.42318725585938
2022-06-26,139.42318725585938,139.42318725585938
2022-06-27,139.42318725585938,139.42318725585938
2022-06-28,135.26983642578125,139.42318725585938
2022-06-29,137.03155517578125,135.26983642578125
2022-06-30,134.5612030029297,137.03155517578125
2022-07-01,136.7362823486328,134.5612030029297
2022-07-02,137.38340759277344,136.7362823486328
2022-07-03,138.03053283691406,137.38340759277344
2022-07-04,138.6776580810547,138.03053283691406
2022-07-05,139.3247833251953,138.6776580810547
2022-07-06,140.6632843017578,139.3247833251953
2022-07-07,144.0391387939453,140.6632843017578
2022-07-08,144.71824645996094,144.0391387939453
2022-07-09,144.00633239746094,144.71824645996094
2022-07-10,143.29441833496094,144.00633239746094
2022-07-11,142.58250427246094,143.29441833496094
2022-07-12,143.55686950683594,142.58250427246094
2022-07-13,143.1927032470703,143.55686950683594
2022-07-14,146.12564086914062,143.1927032470703
2022-07-15,147.798828125,146.12564086914062
2022-07-16,146.78180948893228,147.798828125
2022-07-17,145.7647908528646,146.78180948893228
2022-07-18,144.74777221679688,145.7647908528646
2022-07-19,148.61573791503906,144.74777221679688
2022-07-20,150.62347412109375,148.61573791503906
2022-07-21,152.89703369140625,150.62347412109375
2022-07-22,151.6569366455078,152.89703369140625
2022-07-23,151.28292338053384,151.6569366455078
2022-07-24,150.9089101155599,151.28292338053384
2022-07-25,150.53489685058594,150.9089101155599
2022-07-26,149.20623779296875,150.53489685058594
2022-07-27,154.3142852783203,149.20623779296875
2022-07-28,154.86546325683594,154.3142852783203
2022-07-29,159.9439697265625,154.86546325683594
2022-07-30,159.61590067545572,159.9439697265625
2022-07-31,159.28783162434897,159.61590067545572
2022-08-01,158.9597625732422,159.28783162434897
2022-08-02,157.48341369628906,158.9597625732422
2022-08-03,163.50682067871094,157.48341369628906
2022-08-04,163.19189453125,163.50682067871094
2022-08-05,162.96519470214844,163.19189453125
2022-08-06,162.80749003092447,162.96519470214844
2022-08-07,162.64978535970053,162.80749003092447
2022-08-08,162.49208068847656,162.64978535970053
2022-08-09,162.54139709472656,162.49208068847656
2022-08-10,166.79908752441406,162.54139709472656
2022-08-11,166.05992126464844,166.79908752441406
2022-08-12,169.61782836914062,166.05992126464844
2022-08-13,169.97591654459634,169.61782836914062
2022-08-14,170.3340047200521,169.97591654459634
2022-08-15,170.6920928955078,170.3340047200521
2022-08-16,170.53440856933594,170.6920928955078
2022-08-17,172.03248596191406,170.53440856933594
2022-08-18,171.63827514648438,172.03248596191406
2022-08-19,169.0462188720703,171.63827514648438
2022-08-20,167.74852498372397,169.0462188720703
2022-08-21,166.4508310953776,167.74852498372397
2022-08-22,165.15313720703125,166.4508310953776
2022-08-23,164.81805419921875,165.15313720703125
2022-08-24,165.1137237548828,164.81805419921875
2022-08-25,167.57769775390625,165.1137237548828
2022-08-26,161.2601318359375,167.57769775390625
2022-08-27,160.52423095703125,161.2601318359375
2022-08-28,159.788330078125,160.52423095703125
2022-08-29,159.05242919921875,159.788330078125
2022-08-30,156.6180877685547,159.05242919921875
2022-08-31,154.95245361328125,156.6180877685547
2022-09-01,155.68177795410156,154.95245361328125
2022-09-02,153.56275939941406,155.68177795410156
2022-09-03,153.24737167358398,153.56275939941406
2022-09-04,152.9319839477539,153.24737167358398
2022-09-05,152.61659622192383,152.9319839477539
2022-09-06,152.30120849609375,152.61659622192383
2022-09-07,153.71063232421875,152.30120849609375
2022-09-08,152.23223876953125,153.71063232421875
2022-09-09,155.10025024414062,152.23223876953125
2022-09-10,157.09112548828125,155.10025024414062
2022-09-11,159.08200073242188,157.09112548828125
2022-09-12,161.0728759765625,159.08200073242188
2022-09-13,151.62120056152344,161.0728759765625
2022-09-14,153.06996154785156,151.62120056152344
2022-09-15,150.17237854003906,153.06996154785156
2022-09-16,148.52647399902344,150.17237854003906
2022-09-17,149.76830546061197,148.52647399902344
2022-09-18,151.01013692220053,149.76830546061197
2022-09-19,152.25196838378906,151.01013692220053
2022-09-20,154.6370391845703,152.25196838378906
2022-09-21,151.5028839111328,154.6370391845703
2022-09-22,150.5370635986328,151.5028839111328
2022-09-23,148.26034545898438,150.5370635986328
2022-09-24,148.37205505371094,148.26034545898438
2022-09-25,148.4837646484375,148.37205505371094
2022-09-26,148.59547424316406,148.4837646484375
2022-09-27,149.5711669921875,148.59547424316406
2022-09-28,147.67886352539062,149.5711669921875
2022-09-29,140.42503356933594,147.67886352539062
2022-09-30,136.20675659179688,140.42503356933594
2022-10-01,137.6029815673828,136.20675659179688
2022-10-02,138.99920654296875,137.6029815673828
2022-10-03,140.3954315185547,138.99920654296875
2022-10-04,143.99282836914062,140.3954315185547
2022-10-05,144.28848266601562,143.99282836914062
2022-10-06,143.3324737548828,144.28848266601562
2022-10-07,138.06948852539062,143.3324737548828
2022-10-08,138.17791239420572,138.06948852539062
2022-10-09,138.28633626302084,138.17791239420572
2022-10-10,138.39476013183594,138.28633626302084
2022-10-11,136.97552490234375,138.39476013183594
2022-10-12,136.34474182128906,136.97552490234375
2022-10-13,140.9276885986328,136.34474182128906
2022-10-14,136.3841552734375,140.9276885986328
2022-10-15,137.70812479654947,136.3841552734375
2022-10-16,139.03209431966147,137.70812479654947
2022-10-17,140.35606384277344,139.03209431966147
2022-10-18,141.67672729492188,140.35606384277344
2022-10-19,141.78512573242188,141.67672729492188
2022-10-20,141.32188415527344,141.78512573242188
2022-10-21,145.14593505859375,141.32188415527344
2022-10-22,145.86212666829428,145.14593505859375
2022-10-23,146.57831827799478,145.86212666829428
2022-10-24,147.2945098876953,146.57831827799478
2022-10-25,150.14283752441406,147.2945098876953
2022-10-26,147.19595336914062,150.14283752441406
2022-10-27,142.71156311035156,147.19595336914062
2022-10-28,153.49378967285156,142.71156311035156
2022-10-29,152.70533243815103,153.49378967285156
2022-10-30,151.91687520345053,152.70533243815103
2022-10-31,151.12841796875,151.91687520345053
2022-11-01,148.4771728515625,151.12841796875
2022-11-02,142.93824768066406,148.4771728515625
2022-11-03,136.876953125,142.93824768066406
2022-11-04,136.61038208007812,136.876953125
2022-11-05,136.78809102376303,136.61038208007812
2022-11-06,136.9657999674479,136.78809102376303
2022-11-07,137.1435089111328,136.9657999674479
2022-11-08,137.71607971191406,137.1435089111328
2022-11-09,133.14529418945312,137.71607971191406
2022-11-10,144.99185180664062,133.14529418945312
2022-11-11,147.78564453125,144.99185180664062
2022-11-12,147.31836954752603,147.78564453125
2022-11-13,146.8510945638021,147.31836954752603
2022-11-14,146.38381958007812,146.8510945638021
2022-11-15,148.1212921142578,146.38381958007812
2022-11-16,146.8872833251953,148.1212921142578
2022-11-17,148.7926025390625,146.8872833251953
2022-11-18,149.3553009033203,148.7926025390625
2022-11-19,148.2759552001953,149.3553009033203
2022-11-20,147.1966094970703,148.2759552001953
2022-11-21,146.1172637939453,147.1966094970703
2022-11-22,148.2594757080078,146.1172637939453
2022-11-23,149.1381378173828,148.2594757080078
2022-11-24,147.67706298828125,149.1381378173828
2022-11-25,146.2159881591797,147.67706298828125
2022-11-26,144.93590799967447,146.2159881591797
2022-11-27,143.65582784016928,144.93590799967447
2022-11-28,142.37574768066406,143.65582784016928
2022-11-29,139.36473083496094,142.37574768066406
2022-11-30,146.1370086669922,139.36473083496094
2022-12-01,146.41342163085938,146.1370086669922
2022-12-02,145.9198455810547,146.41342163085938
2022-12-03,145.53152974446616,145.9198455810547
2022-12-04,145.1432139078776,145.53152974446616
2022-12-05,144.75489807128906,145.1432139078776
2022-12-06,141.0824737548828,144.75489807128906
2022-12-07,139.1376495361328,141.0824737548828
2022-12-08,140.8258056640625,139.1376495361328
2022-12-09,140.3420867919922,140.8258056640625
2022-12-10,141.10881551106772,140.3420867919922
2022-12-11,141.87554423014322,141.10881551106772
2022-12-12,142.64227294921875,141.87554423014322
2022-12-13,143.6097412109375,142.64227294921875
2022-12-14,141.37863159179688,143.6097412109375
2022-12-15,134.75445556640625,141.37863159179688
2022-12-16,132.78988647460938,134.75445556640625
2022-12-17,132.0856679280599,132.78988647460938
2022-12-18,131.3814493815104,132.0856679280599
2022-12-19,130.67723083496094,131.3814493815104
2022-12-20,130.60813903808594,130.67723083496094
2022-12-21,133.71788024902344,130.60813903808594
2022-12-22,130.53903198242188,133.71788024902344
2022-12-23,130.1737823486328,130.53903198242188
2022-12-24,129.7221336364746,130.1737823486328
2022-12-25,129.2704849243164,129.7221336364746
2022-12-26,128.8188362121582,129.2704849243164
2022-12-27,128.3671875,128.8188362121582
2022-12-28,124.42821502685547,128.3671875
2022-12-29,127.95258331298828,124.42821502685547
2022-12-30,128.26844787597656,127.95258331298828
2022-12-31,127.06898880004883,128.26844787597656
2023-01-01,125.8695297241211,127.06898880004883
2023-01-02,124.67007064819336,125.8695297241211
2023-01-03,123.47061157226562,124.67007064819336
2023-01-04,124.7441177368164,123.47061157226562
2023-01-05,123.42125701904297,124.7441177368164
2023-01-06,127.96244049072266,123.42125701904297
2023-01-07,128.13684590657553,127.96244049072266
2023-01-08,128.31125132242838,128.13684590657553
2023-01-09,128.48565673828125,128.31125132242838
2023-01-10,129.0582275390625,128.48565673828125
2023-01-11,131.78294372558594,129.0582275390625
2023-01-12,131.70396423339844,131.78294372558594
2023-01-13,133.03668212890625,131.70396423339844
2023-01-14,133.3279151916504,133.03668212890625
2023-01-15,133.61914825439453,133.3279151916504
2023-01-16,133.91038131713867,133.61914825439453
2023-01-17,134.2016143798828,133.91038131713867
2023-01-18,133.48094177246094,134.2016143798828
2023-01-19,133.54019165039062,133.48094177246094
2023-01-20,136.10693359375,133.54019165039062
2023-01-21,137.1731160481771,136.10693359375
2023-01-22,138.23929850260416,137.1731160481771
2023-01-23,139.30548095703125,138.23929850260416
2023-01-24,140.70733642578125,139.30548095703125
2023-01-25,140.0458984375,140.70733642578125
2023-01-26,142.1190643310547,140.0458984375
2023-01-27,144.0638427734375,142.1190643310547
2023-01-28,143.09967549641928,144.0638427734375
2023-01-29,142.13550821940103,143.09967549641928
2023-01-30,141.1713409423828,142.13550821940103
2023-01-31,142.44482421875,141.1713409423828
2023-02-01,143.57025146484375,142.44482421875
2023-02-02,148.89134216308594,143.57025146484375
2023-02-03,152.52426147460938,148.89134216308594
2023-02-04,151.61273193359375,152.52426147460938
2023-02-05,150.70120239257812,151.61273193359375
2023-02-06,149.7896728515625,150.70120239257812
2023-02-07,152.6723175048828,149.7896728515625
2023-02-08,149.97726440429688,152.6723175048828
2023-02-09,148.94068908691406,149.97726440429688
2023-02-10,149.30650329589844,148.94068908691406
2023-02-11,150.24249776204428,149.30650329589844
2023-02-12,151.1784922281901,150.24249776204428
2023-02-13,152.11448669433594,151.1784922281901
2023-02-14,151.47181701660156,152.11448669433594
2023-02-15,153.57778930664062,151.47181701660156
2023-02-16,151.97605895996094,153.57778930664062
2023-02-17,150.82916259765625,151.97605895996094
2023-02-18,149.8231315612793,150.82916259765625
2023-02-19,148.81710052490234,149.8231315612793
2023-02-20,147.8110694885254,148.81710052490234
2023-02-21,146.80503845214844,147.8110694885254
2023-02-22,147.23019409179688,146.80503845214844
2023-02-23,147.71466064453125,147.23019409179688
2023-02-24,145.05503845214844,147.71466064453125
2023-02-25,145.45382181803384,145.05503845214844
2023-02-26,145.85260518391928,145.45382181803384
2023-02-27,146.2513885498047,145.85260518391928
2023-02-28,145.7471160888672,146.2513885498047
2023-03-01,143.67080688476562,145.7471160888672
2023-03-02,144.26405334472656,143.67080688476562
2023-03-03,149.32630920410156,144.26405334472656
2023-03-04,150.24910481770834,149.32630920410156
2023-03-05,151.1719004313151,150.24910481770834
2023-03-06,152.09469604492188,151.1719004313151
2023-03-07,149.88987731933594,152.09469604492188
2023-03-08,151.14553833007812,149.88987731933594
2023-03-09,148.89125061035156,151.14553833007812
2023-03-10,146.8248291015625,148.89125061035156
2023-03-11,147.47408548990884,146.8248291015625
2023-03-12,148.12334187825522,147.47408548990884
2023-03-13,148.77259826660156,148.12334187825522
2023-03-14,150.86868286132812,148.77259826660156
2023-03-15,151.26419067382812,150.86868286132812
2023-03-16,154.09193420410156,151.26419067382812
2023-03-17,153.25152587890625,154.09193420410156
2023-03-18,154.04249572753906,153.25152587890625
2023-03-19,154.83346557617188,154.04249572753906
2023-03-20,155.6244354248047,154.83346557617188
2023-03-21,157.4832000732422,155.6244354248047
2023-03-22,156.04959106445312,157.4832000732422
2023-03-23,157.13717651367188,156.04959106445312
2023-03-24,158.44229125976562,157.13717651367188
2023-03-25,157.79302469889322,158.44229125976562
2023-03-26,157.14375813802084,157.79302469889322
2023-03-27,156.49449157714844,157.14375813802084
2023-03-28,155.87159729003906,156.49449157714844
2023-03-29,158.95643615722656,155.87159729003906
2023-03-30,160.52847290039062,158.95643615722656
2023-03-31,163.03982543945312,160.52847290039062
2023-04-01,163.45838928222656,163.03982543945312
2023-04-02,163.876953125,163.45838928222656
2023-04-03,164.29551696777344,163.876953125
2023-04-04,163.76161193847656,164.29551696777344
2023-04-05,161.91268920898438,163.76161193847656
2023-04-06,162.8025360107422,161.91268920898438
2023-04-07,162.1524543762207,162.8025360107422
2023-04-08,161.50237274169922,162.1524543762207
2023-04-09,160.85229110717773,161.50237274169922
2023-04-10,160.20220947265625,160.85229110717773
2023-04-11,158.98606872558594,160.20220947265625
2023-04-12,158.2939910888672,158.98606872558594
2023-04-13,163.69241333007812,158.2939910888672
2023-04-14,163.34634399414062,163.69241333007812
2023-04-15,163.3529307047526,163.34634399414062
2023-04-16,163.3595174153646,163.3529307047526
2023-04-17,163.36610412597656,163.3595174153646
2023-04-18,164.5921173095703,163.36610412597656
2023-04-19,165.73904418945312,164.5921173095703
2023-04-20,164.77008056640625,165.73904418945312
2023-04-21,163.1584930419922,164.77008056640625
2023-04-22,163.26065572102866,163.1584930419922
2023-04-23,163.3628184000651,163.26065572102866
2023-04-24,163.46498107910156,163.3628184000651
2023-04-25,161.9225616455078,163.46498107910156
2023-04-26,161.91268920898438,161.9225616455078
2023-04-27,166.51023864746094,161.91268920898438
2023-04-28,167.76588439941406,166.51023864746094
2023-04-29,167.7362263997396,167.76588439941406
2023-04-30,167.7065684000651,167.7362263997396
2023-05-01,167.67691040039062,167.7065684000651
2023-05-02,166.63876342773438,167.67691040039062
2023-05-03,165.56106567382812,166.63876342773438
2023-05-04,163.9197998046875,165.56106567382812
2023-05-05,171.6120147705078,163.9197998046875
2023-05-06,171.58893839518228,171.6120147705078
2023-05-07,171.56586201985678,171.58893839518228
2023-05-08,171.54278564453125,171.56586201985678
2023-05-09,169.83233642578125,171.54278564453125
2023-05-10,171.60211181640625,169.83233642578125
2023-05-11,171.7899627685547,171.60211181640625
2023-05-12,170.8592987060547,171.7899627685547
2023-05-13,170.69428507486978,170.8592987060547
2023-05-14,170.5292714436849,170.69428507486978
2023-05-15,170.3642578125,170.5292714436849
2023-05-16,170.3642578125,170.3642578125
2023-05-17,170.97813415527344,170.3642578125
2023-05-18,173.31472778320312,170.97813415527344
2023-05-19,173.4236297607422,173.31472778320312
2023-05-20,173.10680135091147,173.4236297607422
2023-05-21,172.78997294108072,173.10680135091147
2023-05-22,172.47314453125,172.78997294108072
2023-05-23,169.85931396484375,172.47314453125
2023-05-24,170.1365509033203,169.85931396484375
2023-05-25,171.27516174316406,170.1365509033203
2023-05-26,173.69097900390625,171.27516174316406
2023-05-27,174.15383529663086,173.69097900390625
2023-05-28,174.61669158935547,174.15383529663086
2023-05-29,175.07954788208008,174.61669158935547
2023-05-30,175.5424041748047,175.07954788208008
2023-05-31,175.49293518066406,175.5424041748047
2023-06-01,178.30477905273438,175.49293518066406
2023-06-02,179.15621948242188,178.30477905273438
2023-06-03,178.7040812174479,179.15621948242188
2023-06-04,178.25194295247397,178.7040812174479
2023-06-05,177.7998046875,178.25194295247397
2023-06-06,177.43350219726562,177.7998046875
2023-06-07,176.05726623535156,177.43350219726562
2023-06-08,178.78001403808594,176.05726623535156
2023-06-09,179.1661376953125,178.78001403808594
2023-06-10,180.10011291503906,179.1661376953125
2023-06-11,181.03408813476562,180.10011291503906
2023-06-12,181.9680633544922,181.03408813476562
2023-06-13,181.49285888671875,181.9680633544922
2023-06-14,182.1265106201172,181.49285888671875
2023-06-15,184.1660614013672,182.1265106201172
2023-06-16,183.0868682861328,184.1660614013672
2023-06-17,183.1091423034668,183.0868682861328
2023-06-18,183.13141632080078,183.1091423034668
2023-06-19,183.15369033813477,183.13141632080078
2023-06-20,183.17596435546875,183.15369033813477
2023-06-21,182.1363983154297,183.17596435546875
2023-06-22,185.14625549316406,182.1363983154297
2023-06-23,184.8294219970703,185.14625549316406
2023-06-24,184.36408487955728,184.8294219970703
2023-06-25,183.89874776204428,184.36408487955728
2023-06-26,183.43341064453125,183.89874776204428
2023-06-27,186.19577026367188,183.43341064453125
2023-06-28,187.37396240234375,186.19577026367188
2023-06-29,187.7105712890625,187.37396240234375
2023-06-30,192.04718017578125,187.7105712890625
2023-07-01,191.54883321126303,192.04718017578125
2023-07-02,191.05048624674478,191.54883321126303
2023-07-03,190.55213928222656,191.05048624674478
2023-07-04,189.99273681640625,190.55213928222656
2023-07-05,189.43333435058594,189.99273681640625
2023-07-06,189.9085693359375,189.43333435058594
2023-07-07,188.78973388671875,189.9085693359375
2023-07-08,188.1065877278646,188.78973388671875
2023-07-09,187.4234415690104,188.1065877278646
2023-07-10,186.74029541015625,187.4234415690104
2023-07-11,186.21554565429688,186.74029541015625
2023-07-12,187.8887939453125,186.21554565429688
2023-07-13,188.6511688232422,187.8887939453125
2023-07-14,188.79971313476562,188.6511688232422
2023-07-15,189.88879903157553,188.79971313476562
2023-07-16,190.9778849283854,189.88879903157553
2023-07-17,192.0669708251953,190.9778849283854
2023-07-18,191.8095245361328,192.0669708251953
2023-07-19,193.1659698486328,191.8095245361328
2023-07-20,191.21551513671875,193.1659698486328
2023-07-21,190.0373077392578,191.21551513671875
2023-07-22,190.30462137858072,190.0373077392578
2023-07-23,190.57193501790366,190.30462137858072
2023-07-24,190.83924865722656,190.57193501790366
2023-07-25,191.70065307617188,190.83924865722656
2023-07-26,192.57191467285156,191.70065307617188
2023-07-27,191.30462646484375,192.57191467285156
2023-07-28,193.8887176513672,191.30462646484375
2023-07-29,194.09334818522134,193.8887176513672
2023-07-30,194.29797871907553,194.09334818522134
2023-07-31,194.5026092529297,194.29797871907553
2023-08-01,193.6709442138672,194.5026092529297
2023-08-02,190.67092895507812,193.6709442138672
2023-08-03,189.27491760253906,190.67092895507812
2023-08-04,180.1859588623047,189.27491760253906
2023-08-05,179.14966837565103,180.1859588623047
2023-08-06,178.1133778889974,179.14966837565103
2023-08-07,177.07708740234375,178.1133778889974
2023-08-08,178.01763916015625,177.07708740234375
2023-08-09,176.42359924316406,178.01763916015625
2023-08-10,176.2057647705078,176.42359924316406
2023-08-11,176.26527404785156,176.2057647705078
2023-08-12,176.81716918945312,176.26527404785156
2023-08-13,177.3690643310547,176.81716918945312
2023-08-14,177.92095947265625,177.3690643310547
2023-08-15,175.92819213867188,177.92095947265625
2023-08-16,175.0557403564453,175.92819213867188
2023-08-17,172.50775146484375,175.0557403564453
2023-08-18,172.99359130859375,172.50775146484375
2023-08-19,173.4397226969401,172.99359130859375
2023-08-20,173.88585408528647,173.4397226969401
2023-08-21,174.3319854736328,173.88585408528647
2023-08-22,175.71005249023438,174.3319854736328
2023-08-23,179.56671142578125,175.71005249023438
2023-08-24,174.8673553466797,179.56671142578125
2023-08-25,177.07823181152344,174.8673553466797
2023-08-26,177.60038248697916,177.07823181152344
2023-08-27,178.1225331624349,177.60038248697916
2023-08-28,178.64468383789062,178.1225331624349
2023-08-29,182.5409698486328,178.64468383789062
2023-08-30,186.04071044921875,182.5409698486328
2023-08-31,186.25881958007812,186.04071044921875
2023-09-01,187.83517456054688,186.25881958007812
2023-09-02,187.89466094970703,187.83517456054688
2023-09-03,187.9541473388672,187.89466094970703
2023-09-04,188.01363372802734,187.9541473388672
2023-09-05,188.0731201171875,188.01363372802734
2023-09-06,181.3413543701172,188.0731201171875
2023-09-07,176.03724670410156,181.3413543701172
2023-09-08,176.6519012451172,176.03724670410156
2023-09-09,177.0418701171875,176.6519012451172
2023-09-10,177.4318389892578,177.0418701171875
2023-09-11,177.82180786132812,177.4318389892578
2023-09-12,174.78805541992188,177.82180786132812
2023-09-13,172.71597290039062,174.78805541992188
2023-09-14,174.2328338623047,172.71597290039062
2023-09-15,173.5091094970703,174.2328338623047
2023-09-16,174.48731486002603,173.5091094970703
2023-09-17,175.46552022298178,174.48731486002603
2023-09-18,176.4437255859375,175.46552022298178
2023-09-19,177.5343017578125,176.4437255859375
2023-09-20,173.98497009277344,177.5343017578125
2023-09-21,172.43833923339844,173.98497009277344
2023-09-22,173.29100036621094,172.43833923339844
2023-09-23,173.71731567382812,173.29100036621094
2023-09-24,174.1436309814453,173.71731567382812
2023-09-25,174.5699462890625,174.1436309814453
2023-09-26,170.48529052734375,174.5699462890625
2023-09-27,168.96836853027344,170.48529052734375
2023-09-28,169.22616577148438,168.96836853027344
2023-09-29,169.74168395996094,169.22616577148438
2023-09-30,170.58109537760416,169.74168395996094
2023-10-01,171.4205067952474,170.58109537760416
2023-10-02,172.25991821289062,171.4205067952474
2023-10-03,170.92149353027344,172.25991821289062
2023-10-04,172.1707000732422,170.92149353027344
2023-10-05,173.40997314453125,172.1707000732422
2023-10-06,175.96786499023438,173.40997314453125
2023-10-07,176.46357218424478,175.96786499023438
2023-10-08,176.95927937825522,176.46357218424478
2023-10-09,177.45498657226562,176.95927937825522
2023-10-10,176.86012268066406,177.45498657226562
2023-10-11,178.25804138183594,176.86012268066406
2023-10-12,179.1602325439453,178.25804138183594
2023-10-13,177.31619262695312,179.1602325439453
2023-10-14,177.27322896321616,177.31619262695312
2023-10-15,177.23026529947916,177.27322896321616
2023-10-16,177.1873016357422,177.23026529947916
2023-10-17,175.63075256347656,177.1873016357422
2023-10-18,174.3319854736328,175.63075256347656
2023-10-19,173.9552459716797,174.3319854736328
2023-10-20,171.3973846435547,173.9552459716797
2023-10-21,171.4370371500651,171.3973846435547
2023-10-22,171.47668965657553,171.4370371500651
2023-10-23,171.51634216308594,171.47668965657553
2023-10-24,171.9525909423828,171.51634216308594
2023-10-25,169.6326446533203,171.9525909423828
2023-10-26,165.458740234375,169.6326446533203
2023-10-27,166.77734375,165.458740234375
2023-10-28,167.46142069498697,166.77734375
2023-10-29,168.14549763997397,167.46142069498697
2023-10-30,168.82957458496094,168.14549763997397
2023-10-31,169.30548095703125,168.82957458496094
2023-11-01,172.47802734375,169.30548095703125
2023-11-02,176.04718017578125,172.47802734375
2023-11-03,175.13504028320312,176.04718017578125
2023-11-04,175.98766581217447,175.13504028320312
2023-11-05,176.84029134114584,175.98766581217447
2023-11-06,177.6929168701172,176.84029134114584
2023-11-07,180.2607421875,177.6929168701172
2023-11-08,181.32154846191406,180.2607421875
2023-11-09,180.8456573486328,181.32154846191406
2023-11-10,185.04489135742188,180.8456573486328
2023-11-11,184.51543680826822,185.04489135742188
2023-11-12,183.9859822591146,184.51543680826822
2023-11-13,183.45652770996094,183.9859822591146
2023-11-14,186.0773468017578,183.45652770996094
2023-11-15,186.6431884765625,186.0773468017578
2023-11-16,188.33082580566406,186.6431884765625
2023-11-17,188.31097412109375,188.33082580566406
2023-11-18,188.89337666829428,188.31097412109375
2023-11-19,189.47577921549478,188.89337666829428
2023-11-20,190.0581817626953,189.47577921549478
2023-11-21,189.25405883789062,190.0581817626953
2023-11-22,189.91920471191406,189.25405883789062
2023-11-23,189.25408172607422,189.91920471191406
2023-11-24,188.58895874023438,189.25408172607422
2023-11-25,188.52938842773438,188.58895874023438
2023-11-26,188.46981811523438,188.52938842773438
2023-11-27,188.41024780273438,188.46981811523438
2023-11-28,189.01580810546875,188.41024780273438
2023-11-29,187.99331665039062,189.01580810546875
2023-11-30,188.56907653808594,187.99331665039062
2023-12-01,189.84971618652344,188.56907653808594
2023-12-02,189.25076802571616,189.84971618652344
2023-12-03,188.65181986490884,189.25076802571616
2023-12-04,188.05287170410156,188.65181986490884
2023-12-05,192.01385498046875,188.05287170410156
2023-12-06,190.92185974121094,192.01385498046875
2023-12-07,192.857666015625,190.92185974121094
2023-12-08,194.28721618652344,192.857666015625
2023-12-09,193.45001220703125,194.28721618652344
2023-12-10,192.61280822753906,193.45001220703125
2023-12-11,191.77560424804688,192.61280822753906
2023-12-12,193.2945098876953,191.77560424804688
2023-12-13,196.5208740234375,193.2945098876953
2023-12-14,196.6697540283203,196.5208740234375
2023-12-15,196.13369750976562,196.6697540283203
2023-12-16,195.57776896158853,196.13369750976562
2023-12-17,195.02184041341147,195.57776896158853
2023-12-18,194.46591186523438,195.02184041341147
2023-12-19,195.50827026367188,194.46591186523438
2023-12-20,193.41360473632812,195.50827026367188
2023-12-21,193.2646942138672,193.41360473632812
2023-12-22,192.19253540039062,193.2646942138672
2023-12-23,192.0560417175293,192.19253540039062
2023-12-24,191.91954803466797,192.0560417175293
2023-12-25,191.78305435180664,191.91954803466797
2023-12-26,191.6465606689453,191.78305435180664
2023-12-27,191.74583435058594,191.6465606689453
2023-12-28,192.17271423339844,191.74583435058594
2023-12-29,191.13031005859375,192.17271423339844
2023-12-30,189.42033004760742,191.13031005859375
2023-12-31,187.7103500366211,189.42033004760742
2024-01-01,186.00037002563477,187.7103500366211
2024-01-02,184.29039001464844,186.00037002563477
2024-01-03,182.91050720214844,184.29039001464844
2024-01-04,180.58753967285156,182.91050720214844
2024-01-05,179.8628387451172,180.58753967285156
2024-01-06,181.31222025553384,179.8628387451172
2024-01-07,182.76160176595053,181.31222025553384
2024-01-08,184.2109832763672,182.76160176595053
2024-01-09,183.79405212402344,184.2109832763672
2024-01-10,184.83641052246094,183.79405212402344
2024-01-11,184.2407989501953,184.83641052246094
2024-01-12,184.56838989257812,184.2407989501953
2024-01-13,184.00005340576172,184.56838989257812
2024-01-14,183.4317169189453,184.00005340576172
2024-01-15,182.8633804321289,183.4317169189453
2024-01-16,182.2950439453125,182.8633804321289
2024-01-17,181.3519287109375,182.2950439453125
2024-01-18,187.25869750976562,181.3519287109375
2024-01-19,190.16738891601562,187.25869750976562
2024-01-20,190.93841044108072,190.16738891601562
2024-01-21,191.70943196614584,190.93841044108072
2024-01-22,192.48045349121094,191.70943196614584
2024-01-23,193.76104736328125,192.48045349121094
2024-01-24,193.08602905273438,193.76104736328125
2024-01-25,192.7584228515625,193.08602905273438
2024-01-26,191.02110290527344,192.7584228515625
2024-01-27,190.79278564453125,191.02110290527344
2024-01-28,190.56446838378906,190.79278564453125
2024-01-29,190.33615112304688,190.56446838378906
2024-01-30,186.67294311523438,190.33615112304688
2024-01-31,183.05941772460938,186.67294311523438
2024-02-01,185.50155639648438,183.05941772460938
2024-02-02,184.4989013671875,185.50155639648438
2024-02-03,185.10445658365884,184.4989013671875
2024-02-04,185.71001180013022,185.10445658365884
2024-02-05,186.31556701660156,185.71001180013022
2024-02-06,187.92381286621094,186.31556701660156
2024-02-07,188.0330047607422,187.92381286621094
2024-02-08,186.95094299316406,188.0330047607422
2024-02-09,187.71632385253906,186.95094299316406
2024-02-10,187.1530507405599,187.71632385253906
2024-02-11,186.58977762858072,187.1530507405599
2024-02-12,186.02650451660156,186.58977762858072
2024-02-13,183.92918395996094,186.02650451660156
2024-02-14,183.0445098876953,183.92918395996094
2024-02-15,182.7562713623047,183.0445098876953
2024-02-16,181.215576171875,182.7562713623047
2024-02-17,181.0291976928711,181.215576171875
2024-02-18,180.8428192138672,181.0291976928711
2024-02-19,180.65644073486328,180.8428192138672
2024-02-20,180.47006225585938,180.65644073486328
2024-02-21,181.22552490234375,180.47006225585938
2024-02-22,183.26319885253906,181.22552490234375
2024-02-23,181.42430114746094,183.26319885253906
2024-02-24,180.97368876139322,181.42430114746094
2024-02-25,180.52307637532553,180.97368876139322
2024-02-26,180.0724639892578,180.52307637532553
2024-02-27,181.53366088867188,180.0724639892578
2024-02-28,180.33090209960938,181.53366088867188
2024-02-29,179.6649627685547,180.33090209960938
2024-03-01,178.58148193359375,179.6649627685547
2024-03-02,177.07060750325522,178.58148193359375
2024-03-03,175.55973307291666,177.07060750325522
2024-03-04,174.04885864257812,175.55973307291666
2024-03-05,169.0987548828125,174.04885864257812
2024-03-06,168.104736328125,169.0987548828125
2024-03-07,167.9854736328125,168.104736328125
2024-03-08,169.70509338378906,167.9854736328125
2024-03-09,170.37437947591147,169.70509338378906
2024-03-10,171.04366556803384,170.37437947591147
2024-03-11,171.71295166015625,171.04366556803384
2024-03-12,172.19007873535156,171.71295166015625
2024-03-13,170.10269165039062,172.19007873535156
2024-03-14,171.96144104003906,170.10269165039062
2024-03-15,171.583740234375,171.96144104003906
2024-03-16,171.94820658365884,171.583740234375
2024-03-17,172.31267293294272,171.94820658365884
2024-03-18,172.67713928222656,172.31267293294272
2024-03-19,175.02297973632812,172.67713928222656
2024-03-20,177.59739685058594,175.02297973632812
2024-03-21,170.3412322998047,177.59739685058594
2024-03-22,171.2457733154297,170.3412322998047
2024-03-23,170.77197265625,171.2457733154297
2024-03-24,170.2981719970703,170.77197265625
2024-03-25,169.82437133789062,170.2981719970703
2024-03-26,168.6912078857422,169.82437133789062
2024-03-27,172.26959228515625,168.6912078857422
2024-03-28,170.45057678222656,172.26959228515625
2024-03-29,170.0902557373047,170.45057678222656
2024-03-30,169.7299346923828,170.0902557373047
2024-03-31,169.36961364746094,169.7299346923828
2024-04-01,169.00929260253906,169.36961364746094
2024-04-02,167.82643127441406,169.00929260253906
2024-04-03,168.63156127929688,167.82643127441406
2024-04-04,167.8065643310547,168.63156127929688
2024-04-05,168.56199645996094,167.8065643310547
2024-04-06,168.18759155273438,168.56199645996094
2024-04-07,167.8131866455078,168.18759155273438
2024-04-08,167.43878173828125,167.8131866455078
2024-04-09,168.6514434814453,167.43878173828125
2024-04-10,166.77279663085938,168.6514434814453
2024-04-11,173.9892120361328,166.77279663085938
2024-04-12,175.4901580810547,173.9892120361328
2024-04-13,174.21121215820312,175.4901580810547
2024-04-14,172.93226623535156,174.21121215820312
2024-04-15,171.6533203125,172.93226623535156
2024-04-16,168.36318969726562,171.6533203125
2024-04-17,166.99147033691406,168.36318969726562
2024-04-18,166.03721618652344,166.99147033691406
2024-04-19,164.00949096679688,166.03721618652344
2024-04-20,164.28780110677084,164.00949096679688
2024-04-21,164.56611124674478,164.28780110677084
2024-04-22,164.84442138671875,164.56611124674478
2024-04-23,165.89805603027344,164.84442138671875
2024-04-24,168.00535583496094,165.89805603027344
2024-04-25,168.87013244628906,168.00535583496094
2024-04-26,168.28367614746094,168.87013244628906
2024-04-27,169.6752675374349,168.28367614746094
2024-04-28,171.06685892740884,169.6752675374349
2024-04-29,172.4584503173828,171.06685892740884
2024-04-30,169.30747985839844,172.4584503173828
2024-05-01,168.28367614746094,169.30747985839844
2024-05-02,171.9912872314453,168.28367614746094
2024-05-03,182.27915954589844,171.9912872314453
2024-05-04,181.72583516438803,182.27915954589844
2024-05-05,181.1725107828776,181.72583516438803
2024-05-06,180.6191864013672,181.1725107828776
2024-05-07,181.30502319335938,180.6191864013672
2024-05-08,181.64300537109375,181.30502319335938
2024-05-09,183.46200561523438,181.64300537109375
2024-05-10,182.19790649414062,183.46200561523438
2024-05-11,183.26956176757812,182.19790649414062
2024-05-12,184.34121704101562,183.26956176757812
2024-05-13,185.41287231445312,184.34121704101562
2024-05-14,186.55752563476562,185.41287231445312
2024-05-15,188.8368682861328,186.55752563476562
2024-05-16,188.95631408691406,188.8368682861328
2024-05-17,188.98617553710938,188.95631408691406
2024-05-18,189.37435913085938,188.98617553710938
2024-05-19,189.76254272460938,189.37435913085938
2024-05-20,190.15072631835938,189.76254272460938
2024-05-21,191.4546356201172,190.15072631835938
2024-05-22,190.01138305664062,191.4546356201172
2024-05-23,186.0100860595703,190.01138305664062
2024-05-24,189.0956573486328,186.0100860595703
2024-05-25,189.09814834594727,189.0956573486328
2024-05-26,189.10063934326172,189.09814834594727
2024-05-27,189.10313034057617,189.10063934326172
2024-05-28,189.10562133789062,189.10313034057617
2024-05-29,189.40420532226562,189.10562133789062
2024-05-30,190.39956665039062,189.40420532226562
2024-05-31,191.3551025390625,190.39956665039062
2024-06-01,191.94566853841147,191.3551025390625
2024-06-02,192.5362345377604,191.94566853841147
2024-06-03,193.12680053710938,192.5362345377604
2024-06-04,193.4453125,193.12680053710938
2024-06-05,194.95823669433594,193.4453125
2024-06-06,193.57470703125,194.95823669433594
2024-06-07,195.97349548339844,193.57470703125
2024-06-08,194.72267150878906,195.97349548339844
2024-06-09,193.4718475341797,194.72267150878906
2024-06-10,192.2210235595703,193.4718475341797
2024-06-11,206.18572998046875,192.2210235595703
2024-06-12,212.0782012939453,206.18572998046875
2024-06-13,213.24273681640625,212.0782012939453
2024-06-14,211.50086975097656,213.24273681640625
2024-06-15,212.8877207438151,211.50086975097656
2024-06-16,214.27457173665366,212.8877207438151
2024-06-17,215.6614227294922,214.27457173665366
2024-06-18,213.29248046875,215.6614227294922
2024-06-19,210.99822235107422,213.29248046875
2024-06-20,208.70396423339844,210.99822235107422
2024-06-21,206.52415466308594,208.70396423339844
2024-06-22,206.73981221516928,206.52415466308594
2024-06-23,206.9554697672526,206.73981221516928
2024-06-24,207.17112731933594,206.9554697672526
2024-06-25,208.0968017578125,207.17112731933594
2024-06-26,212.25733947753906,208.0968017578125
2024-06-27,213.10340881347656,212.25733947753906
2024-06-28,209.63955688476562,213.10340881347656
2024-06-29,211.6733856201172,209.63955688476562
2024-06-30,213.70721435546875,211.6733856201172
2024-07-01,215.7410430908203,213.70721435546875
2024-07-02,219.24465942382812,215.7410430908203
2024-07-03,220.51870727539062,219.24465942382812
2024-07-04,222.90255737304688,220.51870727539062
2024-07-05,225.28640747070312,222.90255737304688
2024-07-06,225.7774454752604,225.28640747070312
2024-07-07,226.26848347981772,225.7774454752604
2024-07-08,226.759521484375,226.26848347981772
2024-07-09,227.61550903320312,226.759521484375
2024-07-10,231.89549255371094,227.61550903320312
2024-07-11,226.5106964111328,231.89549255371094
2024-07-12,229.4668426513672,226.5106964111328
2024-07-13,230.74752298990884,229.4668426513672
2024-07-14,232.02820332845053,230.74752298990884
2024-07-15,233.3088836669922,232.02820332845053
2024-07-16,233.72694396972656,233.3088836669922
2024-07-17,227.8145751953125,233.72694396972656
2024-07-18,223.13645935058594,227.8145751953125
2024-07-19,223.26583862304688,223.13645935058594
2024-07-20,223.14971923828125,223.26583862304688
2024-07-21,223.03359985351562,223.14971923828125
2024-07-22,222.91748046875,223.03359985351562
2024-07-23,223.9626007080078,222.91748046875
2024-07-24,217.522705078125,223.9626007080078
2024-07-25,216.4776153564453,217.522705078125
2024-07-26,216.94541931152344,216.4776153564453
2024-07-27,217.03831990559897,216.94541931152344
2024-07-28,217.13122049967447,217.03831990559897
2024-07-29,217.22412109375,217.13122049967447
2024-07-30,217.78150939941406,217.22412109375
2024-07-31,221.04623413085938,217.78150939941406
2024-08-01,217.3435516357422,221.04623413085938
2024-08-02,218.83656311035156,217.3435516357422
2024-08-03,215.322998046875,218.83656311035156
2024-08-04,211.80943298339844,215.322998046875
2024-08-05,208.29586791992188,211.80943298339844
2024-08-06,206.26535034179688,208.29586791992188
2024-08-07,208.84332275390625,206.26535034179688
2024-08-08,212.31704711914062,208.84332275390625
2024-08-09,215.2334442138672,212.31704711914062
2024-08-10,215.7449747721354,215.2334442138672
2024-08-11,216.25650533040366,215.7449747721354
2024-08-12,216.76803588867188,216.25650533040366
2024-08-13,220.49493408203125,216.76803588867188
2024-08-14,220.943359375,220.49493408203125
2024-08-15,223.93284606933594,220.943359375
2024-08-16,225.25819396972656,223.93284606933594
2024-08-17,225.20504760742188,225.25819396972656
2024-08-18,225.1519012451172,225.20504760742188
2024-08-19,225.0987548828125,225.1519012451172
2024-08-20,225.71658325195312,225.0987548828125
2024-08-21,225.60694885253906,225.71658325195312
2024-08-22,223.74351501464844,225.60694885253906
2024-08-23,226.04542541503906,223.74351501464844
2024-08-24,226.15835571289062,226.04542541503906
2024-08-25,226.2712860107422,226.15835571289062
2024-08-26,226.38421630859375,226.2712860107422
2024-08-27,227.2312469482422,226.38421630859375
2024-08-28,225.69664001464844,227.2312469482422
2024-08-29,228.98509216308594,225.69664001464844
2024-08-30,228.19786071777344,228.98509216308594
2024-08-31,226.64581298828125,228.19786071777344
2024-09-01,225.09376525878906,226.64581298828125
2024-09-02,223.54171752929688,225.09376525878906
2024-09-03,221.9896697998047,223.54171752929688
2024-09-04,220.07640075683594,221.9896697998047
2024-09-05,221.6010284423828,220.07640075683594
2024-09-06,220.04652404785156,221.6010284423828
2024-09-07,220.07641092936197,220.04652404785156
2024-09-08,220.1062978108724,220.07641092936197
2024-09-09,220.1361846923828,220.1062978108724
2024-09-10,219.33900451660156,220.1361846923828
2024-09-11,221.8800506591797,219.33900451660156
2024-09-12,221.9896697998047,221.8800506591797
2024-09-13,221.7206268310547,221.9896697998047
2024-09-14,219.66784159342447,221.7206268310547
2024-09-15,217.61505635579428,219.66784159342447
2024-09-16,215.56227111816406,217.61505635579428
2024-09-17,216.03060913085938,215.56227111816406
2024-09-18,219.91696166992188,216.03060913085938
2024-09-19,228.0683135986328,219.91696166992188
2024-09-20,227.40065002441406,228.0683135986328
2024-09-21,226.8260040283203,227.40065002441406
2024-09-22,226.25135803222656,226.8260040283203
2024-09-23,225.6767120361328,226.25135803222656
2024-09-24,226.5735626220703,225.6767120361328
2024-09-25,225.5770721435547,226.5735626220703
2024-09-26,226.72303771972656,225.5770721435547
2024-09-27,226.99208068847656,226.72303771972656
2024-09-28,228.72267150878906,226.99208068847656
2024-09-29,230.45326232910156,228.72267150878906
2024-09-30,232.18385314941406,230.45326232910156
2024-10-01,225.41763305664062,232.18385314941406
2024-10-02,225.9856414794922,225.41763305664062
2024-10-03,224.8795166015625,225.9856414794922
2024-10-04,226.0055694580078,224.8795166015625
2024-10-05,224.3082021077474,226.0055694580078
2024-10-06,222.61083475748697,224.3082021077474
2024-10-07,220.91346740722656,222.61083475748697
2024-10-08,224.9791717529297,220.91346740722656
2024-10-09,228.7359619140625,224.9791717529297
2024-10-10,228.2377166748047,228.7359619140625
2024-10-11,226.75294494628906,228.2377166748047
2024-10-12,227.99856567382812,226.75294494628906
2024-10-13,229.2441864013672,227.99856567382812
2024-10-14,230.48980712890625,229.2441864013672
2024-10-15,233.03086853027344,230.48980712890625
2024-10-16,230.96810913085938,233.03086853027344
2024-10-17,231.33682250976562,230.96810913085938
2024-10-18,234.1768341064453,231.33682250976562
2024-10-19,234.66844177246094,234.1768341064453
2024-10-20,235.16004943847656,234.66844177246094
2024-10-21,235.6516571044922,235.16004943847656
2024-10-22,235.03382873535156,235.6516571044922
2024-10-23,229.95169067382812,235.03382873535156
2024-10-24,229.7623748779297,229.95169067382812
2024-10-25,230.5994110107422,229.7623748779297
2024-10-26,231.2604217529297,230.5994110107422
2024-10-27,231.9214324951172,231.2604217529297
2024-10-28,232.5824432373047,231.9214324951172
2024-10-29,232.85150146484375,232.5824432373047
2024-10-30,229.2939910888672,232.85150146484375
2024-10-31,225.11868286132812,229.2939910888672
2024-11-01,222.12918090820312,225.11868286132812
2024-11-02,221.83023071289062,222.12918090820312
2024-11-03,221.53128051757812,221.83023071289062
2024-11-04,221.23233032226562,221.53128051757812
2024-11-05,222.66729736328125,221.23233032226562
2024-11-06,221.93984985351562,222.66729736328125
2024-11-07,226.6831817626953,221.93984985351562
2024-11-08,226.41383361816406,226.6831817626953
2024-11-09,225.50602213541666,226.41383361816406
2024-11-10,224.59821065266928,225.50602213541666
2024-11-11,223.69039916992188,224.59821065266928
2024-11-12,223.69039916992188,223.69039916992188
2024-11-13,224.57826232910156,223.69039916992188
2024-11-14,227.67080688476562,224.57826232910156
2024-11-15,224.4585418701172,227.67080688476562
2024-11-16,225.4627888997396,224.4585418701172
2024-11-17,226.46703592936197,225.4627888997396
2024-11-18,227.47128295898438,226.46703592936197
2024-11-19,227.73065185546875,227.47128295898438
2024-11-20,228.44891357421875,227.73065185546875
2024-11-21,227.97007751464844,228.44891357421875
2024-11-22,229.3168182373047,227.97007751464844
2024-11-23,230.31441243489584,229.3168182373047
2024-11-24,231.31200663248697,230.31441243489584
2024-11-25,232.30960083007812,231.31200663248697
2024-11-26,234.49432373046875,232.30960083007812
2024-11-27,234.36465454101562,234.49432373046875
2024-11-28,235.561767578125,234.36465454101562
2024-11-29,236.75888061523438,235.561767578125
2024-11-30,237.5103963216146,236.75888061523438
2024-12-01,238.26191202799478,237.5103963216146
2024-12-02,239.013427734375,238.26191202799478
2024-12-03,242.06607055664062,239.013427734375
2024-12-04,242.42520141601562,242.06607055664062
2024-12-05,242.4551239013672,242.42520141601562
2024-12-06,242.25559997558594,242.4551239013672
2024-12-07,243.55580139160156,242.25559997558594
2024-12-08,244.8560028076172,243.55580139160156
2024-12-09,246.1562042236328,244.8560028076172
2024-12-10,247.1737518310547,246.1562042236328
2024-12-11,245.89682006835938,247.1737518310547
2024-12-12,247.36329650878906,245.89682006835938
2024-12-13,247.5328826904297,247.36329650878906
2024-12-14,248.50054423014322,247.5328826904297
2024-12-15,249.46820576985678,248.50054423014322
2024-12-16,250.4358673095703,249.46820576985678
2024-12-17,252.8699951171875,250.4358673095703
2024-12-18,247.4530792236328,252.8699951171875
2024-12-19,249.1888885498047,247.4530792236328
2024-12-20,253.87759399414062,249.1888885498047
2024-12-21,254.13696797688803,253.87759399414062
2024-12-22,254.3963419596354,254.13696797688803
2024-12-23,254.6557159423828,254.3963419596354
2024-12-24,257.57867431640625,254.6557159423828
2024-12-25,257.9876708984375,257.57867431640625
2024-12-26,258.39666748046875,257.9876708984375
2024-12-27,254.9749298095703,258.39666748046875
2024-12-28,253.84765116373697,254.9749298095703
2024-12-29,252.72037251790366,253.84765116373697
2024-12-30,251.5930938720703,252.72037251790366
2024-12-31,249.8173828125,251.5930938720703
2025-01-01,246.54029083251953,249.8173828125
2025-01-02,243.26319885253906,246.54029083251953
2025-01-03,242.7743682861328,243.26319885253906
2025-01-04,243.31971740722656,242.7743682861328
2025-01-05,243.8650665283203,243.31971740722656
2025-01-06,244.41041564941406,243.8650665283203
2025-01-07,241.62713623046875,244.41041564941406
2025-01-08,242.11593627929688,241.62713623046875
2025-01-09,239.19798278808594,242.11593627929688
2025-01-10,236.280029296875,239.19798278808594
2025-01-11,235.46532694498697,236.280029296875
2025-01-12,234.65062459309897,235.46532694498697
2025-01-13,233.83592224121094,234.65062459309897
2025-01-14,232.71861267089844,233.83592224121094
2025-01-15,237.2975616455078,232.71861267089844
2025-01-16,227.710693359375,237.2975616455078
2025-01-17,229.4265594482422,227.710693359375
2025-01-18,227.59597396850586,229.4265594482422
2025-01-19,225.76538848876953,227.59597396850586
2025-01-20,223.9348030090332,225.76538848876953
2025-01-21,222.10421752929688,223.9348030090332
2025-01-22,223.29135131835938,222.10421752929688
2025-01-23,223.1217803955078,223.29135131835938
2025-01-24,222.24388122558594,223.1217803955078
2025-01-25,224.59820048014322,222.24388122558594
2025-01-26,226.95251973470053,224.59820048014322
2025-01-27,229.3068389892578,226.95251973470053
2025-01-28,237.68663024902344,229.3068389892578
2025-01-29,238.78399658203125,237.68663024902344
2025-01-30,237.0182342529297,238.78399658203125
2025-01-31,235.4320831298828,237.0182342529297
2025-02-01,232.77515665690103,235.4320831298828
2025-02-02,230.11823018391928,232.77515665690103
2025-02-03,227.4613037109375,230.11823018391928
2025-02-04,232.23977661132812,227.4613037109375
2025-02-05,231.9105682373047,232.23977661132812
2025-02-06,232.6587677001953,231.9105682373047
2025-02-07,227.08221435546875,232.6587677001953
2025-02-08,227.1720937093099,227.08221435546875
2025-02-09,227.26197306315103,227.1720937093099
2025-02-10,227.3518524169922,227.26197306315103
2025-02-11,232.3153533935547,227.3518524169922
2025-02-12,236.55978393554688,232.3153533935547
2025-02-13,241.21368408203125,236.55978393554688
2025-02-14,244.2796630859375,241.21368408203125
2025-02-15,244.24720764160156,244.2796630859375
2025-02-16,244.21475219726562,244.24720764160156
2025-02-17,244.1822967529297,244.21475219726562
2025-02-18,244.14984130859375,244.1822967529297
2025-02-19,244.54930114746094,244.14984130859375
2025-02-20,245.508056640625,244.54930114746094
2025-02-21,245.22842407226562,245.508056640625
2025-02-22,245.74441528320312,245.22842407226562
2025-02-23,246.26040649414062,245.74441528320312
2025-02-24,246.77639770507812,246.26040649414062
2025-02-25,246.71646118164062,246.77639770507812
2025-02-26,240.0452117919922,246.71646118164062
2025-02-27,236.98922729492188,240.0452117919922
2025-02-28,241.5232696533203,236.98922729492188
2025-03-01,240.25493367513022,241.5232696533203
2025-03-02,238.9865976969401,240.25493367513022
2025-03-03,237.71826171875,238.9865976969401
2025-03-04,235.6210174560547,237.71826171875
2025-03-05,235.4312744140625,235.6210174560547
2025-03-06,235.0218048095703,235.4312744140625
2025-03-07,238.7569122314453,235.0218048095703
2025-03-08,234.8986358642578,238.7569122314453
2025-03-09,231.0403594970703,234.8986358642578
2025-03-10,227.1820831298828,231.0403594970703
2025-03-11,220.55078125,227.1820831298828
2025-03-12,216.69583129882812,220.55078125
2025-03-13,209.4053955078125,216.69583129882812
2025-03-14,213.21041870117188,209.4053955078125
2025-03-15,213.38019307454428,213.21041870117188
2025-03-16,213.54996744791666,213.38019307454428
2025-03-17,213.71974182128906,213.54996744791666
2025-03-18,212.4114532470703,213.71974182128906
2025-03-19,214.95811462402344,212.4114532470703
2025-03-20,213.81961059570312,214.95811462402344
2025-03-21,217.98414611816406,213.81961059570312
2025-03-22,218.80307006835938,217.98414611816406
2025-03-23,219.6219940185547,218.80307006835938
2025-03-24,220.44091796875,219.6219940185547
2025-03-25,223.45697021484375,220.44091796875
2025-03-26,221.2398681640625,223.45697021484375
2025-03-27,223.5568389892578,221.2398681640625
2025-03-28,217.6146240234375,223.5568389892578
2025-03-29,219.0227813720703,217.6146240234375
2025-03-30,220.43093872070312,219.0227813720703
2025-03-31,221.83909606933594,220.43093872070312
2025-04-01,222.897705078125,221.83909606933594
2025-04-02,223.59678649902344,222.897705078125
2025-04-03,202.9239044189453,223.59678649902344
2025-04-04,188.13330078125,202.9239044189453
2025-04-05,185.82965596516928,188.13330078125
2025-04-06,183.52601114908853,185.82965596516928
2025-04-07,181.2223663330078,183.52601114908853
2025-04-08,172.19419860839844,181.2223663330078
2025-04-09,198.58958435058594,172.19419860839844
2025-04-10,190.17062377929688,198.58958435058594
2025-04-11,197.89048767089844,190.17062377929688
2025-04-12,199.34525044759116,197.89048767089844
2025-04-13,200.80001322428384,199.34525044759116
2025-04-14,202.25477600097656,200.80001322428384
2025-04-15,201.87527465820312,202.25477600097656
2025-04-16,194.0155792236328,201.87527465820312
2025-04-17,196.72203063964844,194.0155792236328
2025-04-18,195.76828002929688,196.72203063964844
2025-04-19,194.8145294189453,195.76828002929688
2025-04-20,193.86077880859375,194.8145294189453
2025-04-21,192.9070281982422,193.86077880859375
2025-04-22,199.47842407226562,192.9070281982422
2025-04-23,204.33206176757812,199.47842407226562
2025-04-24,208.09710693359375,204.33206176757812
2025-04-25,209.00592041015625,208.09710693359375
2025-04-26,209.2922108968099,209.00592041015625
2025-04-27,209.57850138346353,209.2922108968099
2025-04-28,209.8647918701172,209.57850138346353
2025-04-29,210.9333953857422,209.8647918701172
2025-04-30,212.22171020507812,210.9333953857422
2025-05-01,213.04063415527344,212.22171020507812
2025-05-02,205.08106994628906,213.04063415527344
2025-05-03,202.93055725097656,205.08106994628906
2025-05-04,200.78004455566406,202.93055725097656
2025-05-05,198.62953186035156,200.78004455566406
2025-05-06,198.25001525878906,198.62953186035156
2025-05-07,195.99298095703125,198.25001525878906
2025-05-08,197.2313690185547,195.99298095703125
2025-05-09,198.27000427246094,197.2313690185547
2025-05-10,202.4433339436849,198.27000427246094
2025-05-11,206.61666361490884,202.4433339436849
2025-05-12,210.7899932861328,206.61666361490884
2025-05-13,212.92999267578125,210.7899932861328
2025-05-14,212.3300018310547,212.92999267578125
2025-05-15,211.4499969482422,212.3300018310547
2025-05-16,211.25999450683594,211.4499969482422
2025-05-17,210.4333292643229,211.25999450683594
2025-05-18,209.6066640218099,210.4333292643229
2025-05-19,208.77999877929688,209.6066640218099
2025-05-20,206.86000061035156,208.77999877929688
2025-05-21,202.08999633789062,206.86000061035156
2025-05-22,201.36000061035156,202.08999633789062
2025-05-23,195.27000427246094,201.36000061035156
2025-05-24,196.5050048828125,195.27000427246094
2025-05-25,197.74000549316406,196.5050048828125
2025-05-26,198.97500610351562,197.74000549316406
2025-05-27,200.2100067138672,198.97500610351562
2025-05-28,200.4199981689453,200.2100067138672
2025-05-29,199.9499969482422,200.4199981689453
2025-05-30,200.85000610351562,199.9499969482422
2025-05-31,201.13333638509116,200.85000610351562
2025-06-01,201.41666666666666,201.13333638509116
2025-06-02,201.6999969482422,201.41666666666666
2025-06-03,203.27000427246094,201.6999969482422
2025-06-04,202.82000732421875,203.27000427246094
2025-06-05,200.6300048828125,202.82000732421875
2025-06-06,203.9199981689453,200.6300048828125
2025-06-07,203.09666442871094,203.9199981689453
2025-06-08,202.27333068847656,203.09666442871094
2025-06-09,201.4499969482422,202.27333068847656
2025-06-10,202.6699981689453,201.4499969482422
2025-06-11,198.77999877929688,202.6699981689453
2025-06-12,199.1999969482422,198.77999877929688
2025-06-13,196.4499969482422,199.1999969482422
2025-06-14,197.1066640218099,196.4499969482422
2025-06-15,197.7633310953776,197.1066640218099
2025-06-16,198.4199981689453,197.7633310953776
2025-06-17,195.63999938964844,198.4199981689453
2025-06-18,196.5800018310547,195.63999938964844
2025-06-19,198.79000091552734,196.5800018310547
2025-06-20,201.0,198.79000091552734
2025-06-21,201.16666666666666,201.0
2025-06-22,201.33333333333334,201.16666666666666
2025-06-23,201.5,201.33333333333334
2025-06-24,200.3000030517578,201.5
2025-06-25,201.55999755859375,200.3000030517578
2025-06-26,201.0,201.55999755859375
2025-06-27,201.0800018310547,201.0
2025-06-28,202.4433339436849,201.0800018310547
2025-06-29,203.8066660563151,202.4433339436849
2025-06-30,205.1699981689453,203.8066660563151
2025-07-01,207.82000732421875,205.1699981689453
2025-07-02,212.44000244140625,207.82000732421875
2025-07-03,213.5500030517578,212.44000244140625
2025-07-04,212.6500015258789,213.5500030517578
2025-07-05,211.75,212.6500015258789
2025-07-06,210.8499984741211,211.75
2025-07-07,209.9499969482422,210.8499984741211
2025-07-08,210.00999450683594,209.9499969482422
2025-07-09,211.13999938964844,210.00999450683594
2025-07-10,212.41000366210938,211.13999938964844
